,Unnamed: 0,Unnamed: 0.1,source_id,ra,dec,g_abs,bp_rp,parallax,parallax_error,dist,date,pmra,pmdec,adv_ra,adv_dec,eph_pt,time_total,num,num_hit,reach_time_years,reach_time_days,year,reach_year,return_year
104,104,952,2611561706216413696,343.48356406407754,-6.7848302060775545,15.764733952284036,1.420248,117.13883999999999,0.03412185,8.536878138591662,1974-Apr-03 13:34:42.502,2485.7988,-681.2536,343.50278083918795,-6.790096721250415,1222,3.5378009259259264,952.0,7.0,27.830222731808817,10164.710550565853,1974,2001.8302227318088,2029.6604454636176
3,3,21,6233452028580863744,236.8746760655141,-27.919921092193647,10.172965144980733,2.4603882,40.19231,0.030303655,24.88038114028689,1972-Apr-28 01:35:27.459,95.05887,23.440448999999997,236.87681779746586,-27.91939296516125,53,2.9100347222222216,21.0,7.0,81.11004251733526,29624.63192903153,1972,2053.1100425173354,2134.220085034671
215,215,3785,148133112801536000,69.9536024884882,25.157046651618792,10.854072358486476,2.719630200000001,47.2566,0.0319613,21.161065589584275,1986-Jul-10 17:16:43.682,-93.40465999999999,-49.537273,69.95181261828455,25.15609739184191,2677,408.5319791666666,3785.0,46.0,68.98507382204474,25196.10836276362,1986,2054.985073822045,2123.9701476440896
31,31,231,4110228589254067328,262.76546808946375,-24.87933735251089,9.90708944235366,2.5881529999999997,37.619877,0.020443624,26.581692536624807,1972-Oct-09 02:43:42.641,-121.440926,-140.96507,262.7625448583956,-24.88273055359053,348,2.6583449074074075,231.0,7.0,86.65631766939687,31650.353465570515,1972,2058.6563176693967,2145.3126353387934
162,162,1610,84210874016975360,43.26206752683281,19.48530195843993,12.575896762574176,3.3083887,35.072506,0.04164419999999999,28.5123624014539,1977-May-06 20:45:47.297,-190.16098,-22.790089000000002,43.257157656118295,19.484713528633094,1977,9.876238425925926,1610.0,7.0,92.9503014287397,33949.168093832894,1977,2069.9503014287397,2162.9006028574795
142,142,1329,2586931030846447488,23.543295434694404,12.96453919434149,11.455087409800575,3.0265179,33.564116999999996,0.029884242000000002,29.79372247867623,1975-Oct-20 16:01:16.276,-162.25072,-51.205463,23.538917927788084,12.963157676443537,1698,19.16383101851852,1329.0,12.0,97.12753528048451,35474.86098584416,1975,2072.1275352804846,2169.255070560969
23,23,175,6046895455473782144,252.47013649866653,-24.447428981874534,6.585436222393973,1.3377056,30.133909999999997,0.015914143999999998,33.185206490068545,1972-Sep-10 16:40:00.699,-276.59317000000004,-109.08211999999999,252.46182457735642,-24.45070701661607,275,2.800173611111111,175.0,7.0,108.18377315762345,39513.04130809039,1972,2080.1837731576234,2188.3675463152467
183,183,2040,61689890880210176,52.01130611378993,22.021662109830903,7.9616356961751995,1.8165913,28.222934999999996,0.13951185,35.43217634233442,1978-Jun-09 01:35:00.891,328.74084,-313.21393,52.021854036582425,22.011612381038688,2122,47.94511574074074,2040.0,20.0,115.5088948760102,42188.46876451397,1978,2093.5088948760103,2209.0177897520207
36,36,273,4067477554248982528,268.97634115420817,-24.94684725406353,11.987375742067055,-0.054403305,26.620733,0.030317232000000006,37.56470530663224,1972-Oct-25 17:27:50.331,10.384363,18.432213,268.97669439862085,-24.946220246312908,392,2.628587962962963,273.0,7.0,122.4609392996211,44727.63346979361,1972,2094.4609392996213,2216.9218785992425
159,159,1567,82716092254529280,37.50736118929618,17.782000743336404,8.682222243865802,2.265215,25.759039,0.22262275,38.82132415362874,1976-Jun-10 06:10:25.500,8.737995,31.458596999999997,37.50766837258837,17.783106666982164,1848,31.17293981481481,1567.0,17.0,126.55751674082967,46223.86741442063,1976,2102.5575167408297,2229.1150334816593
209,209,3306,150907081855211520,67.81836951648343,25.03017546383104,5.5151466611345805,0.9768995999999999,27.40421,0.023467626000000002,36.49074472472904,1984-Jul-10 18:15:55.154,-55.6874,-63.550266,67.8165293584524,25.02807548194777,2580,351.0526736111111,3306.0,44.0,118.95982780261666,43448.88750662771,1984,2102.9598278026165,2221.919655605233
5,5,42,6233466601410210176,236.62487380440777,-27.854780998472858,10.18964870738247,2.8802567000000003,24.482198999999998,0.13330379,40.846004545283506,1972-Apr-28 21:24:17.659,7.6960588,-68.46091,236.6251584689681,-27.85731325486753,55,3.348773148148148,42.0,7.0,133.15797481762422,48634.618722389074,1972,2105.157974817624,2238.315949635248
44,44,329,4080421348724719872,287.40149583554273,-23.693682032097502,10.964783672144632,2.6124468,24.450542000000002,0.022593672999999998,40.89888811452512,1972-Dec-14 12:24:22.671,56.11169,-21.044442999999998,287.40357400185894,-23.69446143924869,524,2.6978125,329.0,7.0,133.3303752533519,48697.58625753425,1972,2105.330375253352,2238.660750506704
147,147,1400,77966889217209472,30.24053787968511,15.008846691302494,7.031209641313349,1.5846223999999998,25.122711,0.013883099,39.80462111632235,1976-Apr-07 06:43:15.439,-2.0845098,-238.49392999999998,30.24046274285089,15.000250100282642,1789,7.1277083333333335,1400.0,7.0,129.76306483921087,47394.66180187338,1976,2105.763064839211,2235.526129678422
4,4,35,6233827825340751360,236.90370464066555,-27.857452571402348,10.939350643471329,2.5391464,24.219676999999997,0.026417326,41.28874225611639,1972-Apr-28 01:35:27.459,168.79926,-391.4197,236.910015923262,-27.872087472410367,53,2.9100347222222216,35.0,7.0,134.60129975493942,49161.77872249408,1972,2106.6012997549396,2241.2025995098793
95,95,881,2614673633360714624,334.4797001809078,-10.690437938181732,7.033604551856369,1.4342594,24.092321,0.018918833,41.507000656701216,1974-Feb-26 09:48:37.362,14.733104,-69.74529,334.4802539529752,-10.693059449273758,1145,5.6270601851851865,881.0,7.0,135.31282214084595,49421.65515872258,1974,2109.312822140846,2244.625644281692
213,213,3567,149449095077804672,66.69966553859861,24.94986627352959,11.65880753623309,3.0517101,23.702811999999998,0.025632955,42.18908675394904,1983-Jul-15 19:26:04.592,129.45502,1.4648098,66.7046113147681,24.94992223599009,2525,320.48288194444444,3567.0,43.0,137.53642281787387,50233.80307000026,1983,2120.5364228178737,2258.0728456357474
109,109,995,2640553319580012416,352.5475502023395,-2.6232940856246127,10.682904108845092,3.2950373,21.98159,0.069616094,45.49261394065122,1974-May-17 19:30:00.489,101.32701,-67.96409,352.55172448227614,-2.6260939425204293,1300,4.853391203703704,995.0,7.0,148.30592144652297,54167.25474912805,1974,2122.305921446523,2270.611842893046
178,178,1923,61563069085277440,52.853519503827094,22.09985700739538,11.960054433826555,3.331808,22.133255,0.039157737000000005,45.180882783819655,1978-Jun-21 03:59:12.250,131.11775,-17.896078,52.85888403352618,22.099124810259614,2128,92.48002314814815,1923.0,38.0,147.28967787525207,53796.081947157065,1978,2125.289677875252,2272.579355750504
153,153,1473,83065217260472320,38.71585403593086,18.061404213505586,8.555194730623533,2.1407795,21.572658999999998,0.026949294,46.35497280970615,1976-Jun-22 12:19:21.539,112.86676999999999,-46.1797,38.72059184839269,18.0594657265865,1857,21.033888888888892,1473.0,13.0,151.11721135964203,55194.05027699566,1976,2127.117211359642,2278.2344227192843
115,115,1044,2643079756782833280,357.2413628390253,0.4366277922197671,5.385568429206263,0.90938854,21.284252,0.019298581000000002,46.98309304765144,1974-Aug-30 03:23:28.642,22.671892,-203.89283999999998,357.2423274336078,0.4279530012042901,1367,19.14726851851852,1044.0,13.0,153.16488333534366,55941.94198940092,1974,2127.164883335344,2280.3297666706876
6,6,49,6233522951380817152,236.3424443748439,-27.668727623233853,11.955250078912954,0.023507117999999997,20.963797,0.045209356,47.70128323301096,1972-Apr-29 17:19:15.301,-203.1847,-141.64449,236.3336675689265,-27.67484612627507,57,3.3706828703703704,49.0,7.0,155.50618333961572,56797.07840296125,1972,2127.5061833396157,2283.0123666792315
70,70,614,6835442380025186560,318.93237341593397,-17.36185130036125,10.610055404714103,2.7206544999999998,20.566456,0.026392572000000003,48.6228647136824,1973-Apr-03 04:04:55.275,-294.2532700000001,-191.22687,318.9194172267668,-17.370271160947183,761,9.380405092592593,614.0,13.0,158.5105389666046,57894.38925216266,1973,2131.5105389666046,2290.021077933209
106,106,974,2635292259520147840,347.14789705552585,-5.184726614687664,12.34734403857518,3.4493284,20.543329999999997,0.09466855,48.67760178359261,1974-Apr-19 16:45:14.253,-40.308567,-75.7467,347.14612024147567,-5.1880655523974175,1253,3.841493055555556,974.0,7.0,158.6889818145119,57959.563717932324,1974,2132.688981814512,2291.3779636290237
107,107,981,2634434949688189056,350.83834608052274,-3.4403558600519792,9.98341383484606,2.5153933,19.821257,0.020852733000000002,50.45088806853934,1974-May-08 03:21:12.672,82.81589,-64.08493,350.84212961697233,-3.4432836517786205,1285,4.406851851851851,981.0,7.0,164.46989510343823,60070.98448757978,1974,2138.4698951034384,2302.9397902068768
64,64,531,6841270238329091072,322.6171159307468,-16.043162247991546,7.769118029838988,1.7391043000000002,19.603711999999998,0.026457584,51.01074713920259,1973-Apr-28 17:46:34.192,150.7373,-49.144596,322.6240789545006,-16.045432389352538,790,21.07043981481481,531.0,14.0,166.29503567380044,60737.59882949888,1973,2139.2950356738006,2305.590071347601
207,207,3234,149543000243089024,65.25317818281587,24.518607006601076,10.106304706315967,2.6923733,20.388891,0.022714717000000002,49.046315918078136,1982-Jul-16 04:27:31.375,106.58673999999999,-48.880783,65.25791214747585,24.516436005754947,2470,287.9004398148148,3234.0,35.0,159.89098989293473,58398.585148495484,1982,2141.8909898929346,2301.781979785869
28,28,210,4112578967158460160,257.5515366014869,-24.712206744461433,8.444338245325147,2.083253,19.173954000000002,0.019328704,52.154083580149916,1972-Sep-24 21:32:27.207,64.71188000000001,-142.55716999999999,257.55459284395545,-24.71893949998622,311,2.7143634259259257,210.0,7.0,170.0223124712887,62098.94940701349,1972,2142.022312471289,2312.0446249425777
121,121,1140,2642818244813841536,355.48188196110846,0.002172765918815417,5.052659355891931,0.88460255,19.314954999999998,0.019911062,51.77335450924837,1974-Sep-24 15:54:44.119,240.8312,-37.708890000000004,355.4931730158846,0.00040483419539109325,1381,24.641076388888887,1140.0,14.0,168.7811357001497,61645.62200312268,1974,2142.7811357001497,2311.5622714002993
118,118,1084,2641288961578541568,354.6893725871415,-0.4076421480178855,9.84300406697416,2.8552694,19.274148999999998,0.088769086,51.882965263940704,1974-Oct-08 00:49:06.542,213.0436,-124.61339,354.69938200262214,-0.4134968519779089,1388,82.56851851851852,1084.0,28.0,169.13846676044668,61776.13359958555,1974,2143.1384667604466,2312.276933520893
201,201,2711,149956519694104704,63.70977050373054,24.37684130143264,12.197988975241625,3.2000217,19.819614,0.044736315,50.455068362745116,1981-Jul-30 04:47:05.841,105.75112,-44.697807,63.71460226232218,24.374799062906927,2404,464.3656712962963,2711.0,68.0,164.48352286254908,60075.96189031743,1981,2145.483522862549,2309.9670457250977
78,78,744,6858259063071842560,310.2498624294335,-19.11500291588945,7.548367654221607,1.7114668000000002,18.321838,0.029501398999999998,54.57967586654896,1973-Feb-25 03:44:05.383,-31.049938,-113.83896999999999,310.248327787224,-19.12062940318689,696,9.047858796296298,744.0,11.0,177.9297433249496,64987.0594520046,1973,2150.9297433249494,2328.859486649899
130,130,1221,2556793996949441408,12.884461197903073,7.54886490337779,12.795554056226024,3.417365,18.51975,0.07930423,53.99640750372592,1975-Apr-04 11:49:36.872,139.8186,-56.47274,12.891297878225751,7.546103567891648,1551,4.757557870370372,1221.0,7.0,176.0282884621465,64292.57207791439,1975,2151.0282884621465,2327.056576924293
48,48,364,6864899155529911936,295.9013976382763,-22.4850886445184,9.563952247807428,2.4003744,18.24237,0.015728634,54.817436923478425,1973-Jan-07 21:08:30.037,16.081654,0.47125128,295.9021959359713,-22.485065251475657,586,2.8333796296296296,364.0,7.0,178.70484437053966,65270.15735789591,1973,2151.70484437054,2330.4096887410797
218,218,4140,147469115153030528,71.98251558116294,25.579518701404208,9.977690253671359,2.7255583,19.798918,0.017845009,50.50781116409057,1988-Aug-08 19:18:48.315,81.852905,-53.85014,71.9862593419718,25.57705572172647,2762,2286.48625,4140.0,153.0,164.65546439493525,60138.76181560615,1988,2152.6554643949353,2317.3109287898706
46,46,343,6770588373865443328,288.08840256567436,-23.615485460986342,10.16923657455012,2.6967583,17.761614,0.025851866,56.30119023418846,1972-Dec-16 10:37:36.679,35.262478,-213.23772999999997,288.0902003841927,-23.62635715141727,529,2.7060416666666667,343.0,7.0,183.54188016345438,67036.83631090008,1972,2155.541880163454,2339.0837603269083
2,2,14,6040379371598261888,240.70463826854262,-29.159566776547376,10.107287342578317,2.686555,17.547235,0.02162109,56.989034006699065,1972-Apr-16 11:28:45.104,58.21131,34.817370000000004,240.70764236674285,-29.157769964205297,25,2.9672916666666667,14.0,7.0,185.78425086183893,67855.83978477806,1972,2157.7842508618387,2343.5685017236774
13,13,98,6237265311005834112,238.5137807725497,-23.20947943201977,13.250223807917532,4.2718906,17.468435,0.25750446,57.24611183217846,1972-Jul-28 06:53:19.595,-61.35771999999999,-52.108078000000006,238.510600014386,-23.212180692693554,175,3.58818287037037,98.0,7.0,186.62232457290176,68161.93782700664,1972,2158.6223245729016,2345.244649145803
35,35,266,4067298059004329216,267.1027886741542,-25.014237210497605,11.862954378866215,3.212472,17.42146,0.039686177,57.40047309670325,1972-Oct-20 20:06:45.942,16.668526,-194.20015,267.1036550934335,-25.024331609766367,379,2.6342708333333333,266.0,7.0,187.1255422952526,68345.73306791806,1972,2159.1255422952527,2346.2510845905053
210,210,3350,147908438767993216,68.18932038399949,25.092549164564915,11.572055318945553,3.0954933,18.481827,0.03824691,54.107205515077716,1984-Jul-27 06:03:30.098,88.90178,-46.53667,68.19367631511948,25.09026900173873,2583,361.8746412037037,3350.0,44.0,176.38948997915335,64424.497319985974,1984,2160.3894899791535,2336.778979958307
100,100,917,2609219712089236992,338.7291849079859,-8.900963642082058,5.463401292804968,0.9435834999999999,17.36257,0.017516011,57.59516079721964,1974-Mar-15 04:13:53.377,-43.25928,-11.479019000000001,338.72692869164507,-8.901562337897682,1182,3.3118171296296297,917.0,7.0,187.76022419893602,68577.54428641939,1974,2161.760224198936,2349.5204483978723
185,185,2105,65022510623526272,55.56642286052092,22.786105961631627,3.5312878634388696,0.5846553000000001,17.683971,0.026909385,56.54838368012749,1979-May-29 06:05:25.547,20.036053,-77.735794,55.567448861577866,22.782125286992073,2219,115.47854166666669,2105.0,40.0,184.3477307972156,67331.16519637503,1979,2163.3477307972157,2347.6954615944314
136,136,1265,2586238613398862464,21.672287997743467,11.381099728989415,7.9840360292967185,1.8224363000000001,17.256930999999998,0.090134315,57.947730238354865,1975-May-29 18:57:40.232,179.67174,-119.947296,21.681716259785624,11.37480550289721,1625,5.792847222222222,1265.0,7.0,188.90960057703685,68997.34251475694,1975,2163.909600577037,2352.819201154074
137,137,1272,2586238609103943296,21.672235919741922,11.38127458297704,7.862404204125072,1.8258104,17.087753,0.057119083,58.52144414093511,1975-May-29 18:57:40.232,166.578,-126.25648999999999,21.681063631264358,11.37458368817079,1625,5.792847222222222,1272.0,7.0,190.77990789944843,69680.45356119455,1975,2165.7799078994485,2356.559815798897
58,58,446,6858187873989877248,310.53027649150533,-19.455601992053165,14.234679667619215,3.9567585,16.690144,0.17824179999999998,59.91560197759154,1973-Feb-24 15:54:09.860,-124.618,-191.83831999999998,310.52351509916025,-19.46601055400507,695,13.772754629629631,446.0,19.0,195.32486244694843,71340.45276012344,1973,2168.3248624469484,2363.6497248938967
144,144,1370,2588025285434296320,27.45109007767297,14.016741256495076,8.862767851340944,2.3510303,16.777048,0.033506073,59.60524124304158,1975-Aug-17 05:30:00.695,64.94646,-13.539535,27.454595621170782,14.016010447923984,1675,25.03530092592593,1370.0,8.0,194.31308645231556,70970.91169584374,1975,2169.3130864523155,2363.626172904631
57,57,427,6856718716001946624,309.0496452014092,-19.773777919690712,14.345520687819505,4.3689823,16.574054999999998,0.21294144,60.33526599335434,1973-Feb-19 08:02:09.749,277.0332,-148.7643,309.0647814587178,-19.7819059514922,684,17.30609953703704,427.0,19.0,196.69296713833515,71840.13931760553,1973,2169.692967138335,2366.38593427667
145,145,1378,2588028343451010432,27.40971928472216,14.04271900286782,10.720216812866367,2.6377392000000004,16.695272,0.025005138,59.89719564347889,1975-Aug-17 05:30:00.695,65.66244499999999,-13.403761,27.41328083423776,14.041991979100633,1675,25.03530092592593,1378.0,8.0,195.26485779774117,71318.53666204699,1975,2170.264857797741,2365.5297155954822
96,96,888,2609221567515063296,338.3410367467271,-9.06382733733962,4.681860626867684,0.7583618000000001,16.488594,0.01672907,60.64798470104243,1974-Mar-13 07:05:44.032,297.57724,-61.242176,338.35737973737616,-9.067190767656523,1178,3.7697453703703694,888.0,8.0,197.71243012539833,72212.48797900049,1974,2171.7124301253984,2369.424860250797
165,165,1641,60567152067792512,47.544674041463736,20.75162908760325,10.874936384699032,2.7258862999999995,16.69933,0.03134981,59.88264423504139,1977-Jun-26 22:16:19.493,82.03685,-86.76443499999998,47.54912266230433,20.74692410352534,2010,69.25037037037038,1641.0,34.0,195.21742020623492,71301.21055612524,1977,2172.217420206235,2367.4348404124703
180,180,1970,62072795805229440,49.96667737606369,21.641093085253924,10.46579504427773,3.0624485,16.721392,0.13137388,59.80363472522835,1978-May-12 13:46:36.411,58.051345999999995,-50.66338,49.969821179031,21.638349381708828,2107,73.49462962962963,1970.0,11.0,194.9598492042444,71207.13532335822,1978,2172.959849204244,2367.9196984084883
68,68,587,6835905927256722688,320.5617864585828,-16.83452207289956,0.0973091084073463,1.0722091,16.204817000000002,0.16879044,61.710046538420286,1973-Apr-13 01:34:52.252,29.402734999999996,4.9094863,320.5634295398596,-16.834247721378354,774,11.08769675925926,587.0,13.0,201.17475171525012,73477.06631647795,1973,2174.1747517152503,2375.3495034305006
148,148,1407,78434662695474560,31.999098734654986,15.691162159583895,9.938531812415267,2.5058222000000003,16.448938000000002,0.041441992000000004,60.794197018755035,1976-Apr-21 12:49:09.857,62.43624000000001,-105.92327,32.00253600999774,15.685330811611259,1803,7.171805555555554,1407.0,7.0,198.1890822811414,72386.58041236408,1976,2174.1890822811415,2372.378164562283
82,82,783,6858609463684039680,313.37377028038924,-18.17792333144708,13.771444219069016,3.997963,16.011763000000002,0.11755743,62.45408602374692,1973-Dec-08 11:04:45.055,-47.232056,7.143228,313.3710990389,-18.177519341257007,975,3.5841782407407408,783.0,7.0,203.60032043741495,74362.98103656144,1973,2176.600320437415,2380.2006408748302
38,38,287,4074902934241296512,283.2411911248362,-24.22640903748575,10.277787437047024,2.3520775,15.811537,0.028675834,63.24495925655133,1972-Dec-03 01:31:32.069,-27.810427,-48.585903,283.239598369692,-24.229191643017412,494,2.659085648148148,287.0,7.0,206.17856717635732,75304.65987549275,1972,2178.1785671763573,2384.3571343527146
198,198,2617,53988224244516736,61.69961699200813,23.972105963510394,11.2541047462859,3.2557945,16.28501,0.072834514,61.40616664138764,1980-Aug-05 19:17:08.226,-33.64767,-69.96011,61.69774595473498,23.968215709678912,2329,156.07511574074073,2617.0,26.0,200.1841032509237,73115.24187136737,1980,2180.1841032509237,2380.3682065018475
101,101,931,2611079428633423616,342.0354255844388,-7.466206938264924,13.306902076846594,3.8614922,15.784969,0.14412108,63.35140595490262,1974-Mar-28 14:46:32.743,-141.5532,-306.12703999999997,342.02730492273633,-7.483768915231317,1210,2.874282407407408,931.0,7.0,206.5255834129825,75431.40408575773,1974,2180.5255834129825,2387.051166825965
69,69,600,6835530203516290944,320.4975057331019,-16.910362142369358,9.590017056111543,2.5416488999999998,15.664863,0.019405372,63.837138150783396,1973-Apr-12 05:49:36.417,41.823868,-12.442699000000001,320.4999234923268,-16.91108143144806,773,11.81630787037037,600.0,14.0,208.10907037155386,76009.75686250633,1973,2181.109070371554,2389.218140743108
186,186,2125,64897406816672512,57.10490872564085,23.130065627551346,10.420510551017996,2.5300303,15.947614000000002,0.08022994,62.705306122937145,1979-Jun-26 07:20:34.216,93.61314,-36.1648,57.110224377560215,23.12801207513944,2231,158.13807870370368,2125.0,42.0,204.41929796077508,74662.1043871935,1979,2183.419297960775,2387.83859592155
63,63,517,6835288860714215424,321.5435027891336,-16.36058955578465,9.27663963444604,2.5780687,15.367644,0.041283727,65.07178197438114,1973-Apr-20 04:24:12.616,1.2923343999999999,-24.032684,321.54357894144044,-16.362005709606134,782,14.340173611111114,517.0,14.0,212.1340092364825,77479.82553353287,1973,2185.1340092364826,2397.268018472965
32,32,238,4110309923070132736,263.2692155307624,-24.883473634328656,9.046286605674895,2.243763,15.293510000000001,0.27047828,65.38721140045826,1972-Oct-10 15:12:31.750,-1.853532,-218.46302999999997,263.269105779799,-24.896409223428783,352,2.6540509259259255,238.0,7.0,213.1623091654939,77855.401799605,1972,2185.1623091654938,2398.3246183309875
188,188,2202,65693075278789504,58.447004077328884,23.50015881693498,11.824942101164613,3.0706606,15.692301,0.05102716,63.72551819950324,1979-Jul-27 01:05:52.202,101.71973,-92.70191,58.4528740219841,23.49480926369856,2241,153.64861111111108,2202.0,31.0,207.74518933038055,75876.8529510282,1979,2186.7451893303805,2394.490378660761
65,65,545,6835255359969324416,322.1673428762848,-16.356354536351134,10.571342001653434,2.753994,15.200163,0.02850514,65.78876867283711,1973-Apr-24 05:14:03.682,-48.042507,-76.71658000000002,322.1644807231357,-16.360924959987898,786,16.79101851851852,545.0,14.0,214.47138587344895,78333.5289764185,1973,2187.471385873449,2401.942771746898
143,143,1341,2586905604640059776,23.40587158157425,12.886231746524027,10.51224198711498,2.5581694,15.300246,0.028464299999999998,65.35842524351494,1975-Oct-22 09:07:20.951,322.944,8.153785000000001,23.424985258762625,12.886714334246642,1699,19.472129629629627,1341.0,12.0,213.0684662938587,77821.12662916895,1975,2188.068466293859,2401.1369325877176
102,102,938,2611530713732324224,342.97560024535017,-7.024868490386312,8.903426775141691,2.191249,15.090732000000001,0.018446336,66.26583953175786,1974-Apr-01 13:36:39.734,325.5765,56.853269999999995,342.9951372604173,-7.021456870703123,1218,3.508379629629629,938.0,7.0,216.0266368735306,78901.56885168832,1974,2190.0266368735306,2406.053273747061
47,47,350,6770733745615945344,289.7687512300912,-23.4892720046703,14.753290627883732,4.2081547,14.803788,0.25518453,67.55027750296868,1972-Dec-21 02:08:18.691,47.88098,-24.597254,289.7716801374017,-23.49077663290264,541,2.7272685185185184,350.0,7.0,220.2139046596779,80430.92653790076,1972,2192.213904659678,2412.427809319356
30,30,224,4111014190330911616,259.12721530435886,-24.836671795345076,11.35355300988703,3.034175,14.700888,0.04229198,68.02310321415547,1972-Sep-29 03:46:33.188,-49.159588,-42.89051,259.12418713527967,-24.83931379710949,322,3.115104166666667,224.0,7.0,221.75531647814682,80993.91179047835,1972,2193.7553164781466,2415.510632956293
190,190,2265,64961556448201856,56.8809218657004,23.28012806949749,11.734901666770421,3.0217304,15.159754000000001,0.055560835,65.96413195292396,1979-Jun-23 18:22:25.095,153.75835,-96.77759,56.890106502744615,23.27434713442182,2230,54.07943287037037,2265.0,19.0,215.04307016653212,78542.3309476242,1979,2194.0430701665323,2409.0861403330646
10,10,77,6251587652548635904,232.0101122855092,-22.859486062982807,9.387694888973401,2.4480752999999997,14.663342000000002,0.023861574,68.19727505131661,1972-Jun-26 18:50:11.151,23.429873,35.32022,232.01155923174457,-22.857304810792705,128,6.840393518518519,77.0,7.0,222.32311666729214,81201.29513156178,1972,2194.323116667292,2416.6462333345844
127,127,1200,2555403428272657792,9.053641397752786,5.875590261990129,13.548549053524873,0.5459156,14.831725,0.10726037,67.4230402648733,1975-Mar-13 09:25:27.807,161.37495,-132.98065,9.063494203279065,5.867471080746714,1518,4.671678240740741,1200.0,7.0,219.79911126348694,80279.42739787597,1975,2194.799111263487,2414.5982225269736
191,191,2284,64962892180951936,56.828941588450135,23.33924677486444,9.3775110540017,2.3922596,15.072526000000002,0.020239081000000003,66.34588001067279,1979-Jun-23 18:22:25.095,154.15126,-96.74948,56.838202985120226,23.33343407297122,2230,51.1464236111111,2284.0,18.0,216.28756883479326,78996.8716412199,1979,2195.287568834793,2411.575137669586
138,138,1286,2585969714086379008,23.269709223351306,12.050670615274782,12.628166704589644,3.3707190000000002,14.769344,0.09178512,67.70781272801706,1975-Jun-10 23:14:58.357,97.752495,-8.15644,23.27570274503959,12.050170517565546,1638,7.309050925925926,1286.0,7.0,220.7274694933356,80618.5009577459,1975,2195.727469493336,2416.4549389866716
15,15,112,6237111963495059072,240.20061728560842,-23.35688407338075,11.542435720493698,2.9122171000000003,14.524398000000001,0.042336475,68.84967007410077,1972-Aug-03 08:44:31.763,-62.274464,-20.823211999999998,240.19673464398502,-23.35818234338769,187,3.3951273148148147,112.0,7.0,224.4499244415685,81978.09040303848,1972,2196.4499244415683,2420.8998488831367
66,66,559,6835255359969324288,322.16811059270015,-16.356818875205438,9.805596674219107,2.6903667,14.536454,0.11742752,68.79256703115227,1973-Apr-24 05:14:03.682,-40.835021999999995,-78.61876,322.1655667529108,-16.361716473347027,786,16.79101851851852,559.0,14.0,224.2637685215564,81910.09881481326,1973,2197.2637685215564,2421.5275370431127
129,129,1214,2556669962589262592,11.858128000970488,7.068459937975646,10.675271065548873,2.6433572999999995,14.340129999999998,0.042264542999999995,69.7343755112486,1975-Mar-29 10:17:00.657,20.388576999999998,-40.389862,11.859415506989393,7.065909382742605,1542,4.1322569444444435,1214.0,7.0,227.33406416667043,83031.49359623471,1975,2202.3340641666705,2429.668128333341
88,88,825,6836128303482282624,321.14969635532435,-15.64447622357605,11.033011055055413,2.6808176,14.248972,0.039810597999999996,70.18050174250541,1974-Jan-08 00:38:53.150,60.76785,-155.46765,321.15355829760983,-15.654356565023436,1037,3.2856597222222224,825.0,7.0,228.78843568056763,83562.68824797052,1974,2202.7884356805675,2431.576871361135
59,59,465,6881637639512680704,314.95076429982583,-18.335300170660613,12.71141660428016,3.6816473,14.137901999999999,0.08831214,70.73185127623458,1973-Mar-14 19:06:38.631,9.75118,-111.7181,314.95138887919046,-18.34245590186777,730,7.948784722222222,465.0,13.0,230.5858351605247,84219.17043403005,1973,2203.5858351605248,2434.1716703210495
139,139,1293,2587600599068009984,24.582351197776962,12.692745192411525,13.288573719109593,3.6493225,14.219382999999999,0.14816202,70.32653829912924,1975-Jun-23 23:19:31.869,252.82721,-102.98878,24.598452407191786,12.686186389378022,1650,15.944895833333335,1293.0,12.0,229.2645148551613,83736.57140569911,1975,2204.2645148551615,2433.529029710323
73,73,654,6857806309096275712,313.2042115986298,-18.86963436129097,13.512999363393787,3.6811867,14.051688,0.11962245,71.1658262106493,1973-Mar-07 03:22:42.778,-2.1569366000000003,-117.0594,313.20407259557925,-18.87717821478176,716,8.555902777777778,654.0,14.0,232.0005934467167,84735.8967504788,1973,2205.0005934467167,2437.0011868934334
67,67,573,6835178252421188480,321.51832408632987,-16.583432951295336,9.723414594583954,2.5354242,13.908560000000001,0.027947952999999998,71.898170223054,1973-Apr-19 05:35:10.549,32.732258,-141.15105,321.5204552129222,-16.5926229910019,781,14.375081018518516,573.0,14.0,234.388034927156,85607.88587679446,1973,2207.388034927156,2441.7760698543116
200,200,2675,149872785011934080,63.06111687526823,24.26274211324025,11.44372820434219,2.9949894,14.333226999999999,0.045938097000000004,69.76795867427997,1981-Jul-08 16:22:14.722,34.045359999999995,-83.23291,63.063267820741,24.25748355676404,2399,312.73777777777775,2675.0,72.0,227.44354527815267,83071.48047739248,1981,2208.4435452781527,2435.8870905563053
16,16,119,6242349762015714048,240.9996463924872,-23.457018165256127,8.498307520941086,1.8583546000000002,13.715579,0.020613085,72.90979094658836,1972-Aug-06 06:43:35.535,55.692715,39.373566,241.0033234437745,-23.45441856814277,193,3.315891203703704,119.0,7.0,237.68591848587803,86812.4048677821,1972,2209.685918485878,2447.3718369717562
80,80,762,6858523083302471168,311.8454522338672,-18.621387277037037,3.7100360827753343,0.71124315,13.771426000000002,0.023859447000000002,72.61412038333877,1973-Dec-01 09:19:31.257,-5.322881,-36.677032000000004,311.8451022215702,-18.6237990183194,963,4.557974537037037,762.0,7.0,236.72203244968438,86460.35513192273,1973,2209.7220324496843,2446.4440648993686
79,79,755,6858523152022279168,311.83716405591287,-18.619622023603725,7.646035054783027,1.6693830000000005,13.720679,0.018912093999999997,72.88268892259947,1973-Dec-01 09:19:31.257,-6.022232,-37.939083000000004,311.8367665923512,-18.62212597943923,963,4.557974537037037,755.0,7.0,237.59756588767425,86780.13496481415,1973,2210.597565887674,2448.1951317753483
167,167,1677,60498050338343296,48.764152971985,21.144693974846607,11.556037399107867,2.7907438,13.872843,0.048118073,72.08327919745538,1977-Jul-18 15:13:39.954,24.906773,35.329567,48.76577877317789,21.147000128798872,2020,50.5534375,1677.0,18.0,234.99149018370454,85828.29187469625,1977,2211.9914901837046,2446.9829803674093
171,171,1742,60225994225193984,46.20572983288364,20.51325974271259,7.925956003387643,1.5125103000000002,13.86485,0.015013593,72.12483343191171,1977-Jun-09 17:03:35.032,356.07144,-108.867424,46.228985961084526,20.50614927421231,2000,38.490324074074074,1742.0,19.0,235.12695698803216,85877.76977030886,1977,2212.1269569880324,2447.2539139760647
168,168,1695,60635695450443136,47.356078313917216,21.11317656078456,12.568983600255509,3.4773426,13.841209,0.11309831599999999,72.24802184991141,1977-Jun-28 19:49:20.046,90.36766,-12.783192999999999,47.361990586469524,21.11234022488179,2011,32.12204861111111,1695.0,15.0,235.52855123071117,86024.44805150495,1977,2212.528551230711,2448.057102461422
174,174,1849,61220674292791168,49.9182053973606,21.3520303588448,10.368720434233406,2.5230207,13.871751999999999,0.026451256,72.08894849612797,1978-May-10 19:09:40.428,138.41547,55.01489300000001,49.92724124205455,21.355621764042844,2106,58.29990740740741,1849.0,9.0,235.00997209737716,85835.04220884603,1978,2213.009972097377,2448.0199441947543
12,12,91,6239588201116654080,232.74606849072742,-22.925318197552446,7.8536760619630765,1.6621275000000002,13.518885000000001,0.016351694,73.97059929408171,1972-Jul-01 12:10:45.414,-82.067566,-55.086707999999994,232.74057123251592,-22.929008155392562,133,5.6141203703703715,91.0,7.0,241.14415369870636,88075.49069691551,1972,2213.1441536987063,2454.2883073974126
111,111,1009,2640872384110508672,354.0613457769741,-1.9214245138452075,10.499574279904351,2.7461805,13.622065,0.06867132,73.41031114334659,1974-May-27 01:14:43.556,96.63513,37.855979999999995,354.06776980689415,-1.9189079554979784,1313,4.866203703703704,1009.0,7.0,239.31761432730985,87408.36545690666,1974,2213.31761432731,2452.63522865462
108,108,988,2634514801720157184,351.9358552740155,-2.997392163044175,13.854633599409931,3.7998830000000003,13.543861999999999,0.21270436,73.83418220645609,1974-May-14 11:45:42.942,307.48883,-71.90481,351.95641428698394,-3.002199790945184,1295,4.68337962962963,988.0,7.0,240.69943399304685,87913.06127162043,1974,2214.699433993047,2455.398867986094
86,86,811,6882263399067180800,317.2815885105355,-16.927436992545378,10.323699070913287,2.6343727,13.465801999999998,0.059679035,74.26219290099228,1973-Dec-24 02:45:54.079,91.38526,-66.87895999999999,317.28773404099104,-16.931934508627187,1006,3.427453703703704,811.0,7.0,242.0947488572348,88422.68607261645,1973,2215.0947488572347,2457.1894977144693
34,34,252,4062225840075360768,264.5074996422232,-24.949286239597374,6.1281459128671525,1.0701485000000002,13.319719000000001,0.05336204,75.07665712638126,1972-Oct-14 01:04:29.690,-1.5409214,22.587524,264.5073948809243,-24.94775060103775,361,2.645752314814815,252.0,7.0,244.7499022320029,89392.45429121674,1972,2216.749902232003,2461.499804464006
33,33,245,4062225835728975104,264.507622531155,-24.949476627855397,5.8722502187438925,1.0562973,13.234387,0.041823900000000004,75.56073204935758,1972-Oct-14 01:04:29.690,2.6773922000000003,20.068975,264.50780573036843,-24.948103418336558,361,2.645752314814815,245.0,7.0,246.3279864809057,89968.833782286,1972,2218.3279864809056,2464.655972961811
84,84,797,6881957150719012736,314.9829823417245,-17.642321878956512,10.982458531883497,2.5026712000000004,13.280978,0.033225976000000004,75.29565855229545,1973-Dec-15 02:34:11.861,2.6937130000000002,-80.84291,314.9831660110778,-17.64783410888568,988,3.5368865740740736,797.0,7.0,245.46384688048315,89653.21543462767,1973,2218.4638468804833,2463.9276937609666
125,125,1186,2740638461443077760,3.636829287592795,3.537693064091161,9.92479241691358,2.49119,13.369479,0.023160715,74.79722931482216,1975-Feb-10 01:15:24.418,157.0016,48.674152,3.6474634929279537,3.5409899153570032,1472,4.986539351851851,1186.0,7.0,243.83896756632024,89059.74451392281,1975,2218.83896756632,2462.6779351326404
211,211,3436,147990146226155520,68.43823482927694,25.06518907383916,9.681570472035355,2.3251543,13.849339,0.020804487,72.20561456606366,1984-Aug-02 20:29:37.001,71.01822,-66.57528,68.44287844413685,25.06083596613891,2584,741.1433333333333,3436.0,90.0,235.39030348536753,85973.95444499563,1984,2219.3903034853674,2454.780606970735
217,217,3918,147448842907369216,71.17679406738306,25.42848590371165,12.938326236706715,0.26830482,13.953486999999999,0.09335207,71.66667167875536,1987-Aug-01 09:42:45.049,5.013049,-64.15357,71.17711940527091,25.42432245206448,2725,1194.940625,3918.0,96.0,233.63334967274247,85332.24463447246,1987,2220.6333496727425,2454.266699345485
91,91,853,6840404235483273856,327.61860150583993,-13.30192337817307,6.3826583171890094,1.2132597,13.183207999999999,0.01596811,75.85406865189059,1974-Jan-31 23:43:43.811,53.48787700000001,-14.778681,327.62227559496245,-13.302938527652405,1089,2.596041666666667,853.0,7.0,247.2842638051633,90318.10451219785,1974,2221.2842638051634,2468.568527610327
161,161,1603,84193286126534528,42.74425130452812,19.321154860624173,4.427605276789312,0.8752078999999999,13.254263,0.0533169,75.44742440370634,1977-May-01 06:41:13.193,55.94703000000001,-12.3695,42.748073711239904,19.3203097530075,1973,9.797337962962962,1603.0,7.0,245.95860355608264,89833.92036282363,1977,2222.958603556083,2468.9172071121657
146,146,1386,2576048541495460736,27.98730601204852,14.217536716638822,7.521287092374822,1.8446608,13.067045,0.045737900000000005,76.52839519508035,1976-Mar-19 13:31:57.799,94.147385,-32.850165999999994,27.993830498191155,14.215260174855375,1771,7.388043981481483,1386.0,7.0,249.48256833596193,91121.01325902673,1976,2225.482568335962,2474.9651366719236
110,110,1002,2640501745612707584,353.5608220222396,-2.123425230374801,9.884676839911126,2.619855,12.925374,0.025298933,77.3672001751316,1974-May-24 02:27:31.258,89.56193499999998,-135.88127,353.56709676313903,-2.1329451203463226,1309,5.2354513888888885,1002.0,7.0,252.217072570929,92119.76358580611,1974,2226.217072570929,2478.4341451418577
113,113,1030,2640982369633006976,355.3928620350078,-1.2388676878567642,9.60227414087665,2.3059130000000003,12.880500999999999,0.02470825,77.63673292174903,1974-Jun-05 15:49:05.548,175.45471,70.78778,355.4051972787052,-1.2338909932045965,1325,6.326099537037037,1030.0,7.0,253.09574932490182,92440.69148342714,1974,2227.0957493249016,2480.191498649803
54,54,406,6854210936136450432,303.1948601789586,-21.079091267179926,9.818967554734012,2.38896,12.809154,0.020288412,78.06917104739345,1973-Jan-30 09:34:03.658,-59.919059999999995,-31.150864000000002,303.19062413942555,-21.0812935095122,640,2.4721759259259257,406.0,7.0,254.50549761450264,92955.58794872095,1973,2227.5054976145025,2482.010995229005
103,103,945,2611532702301643648,343.11345575557874,-6.952742653185849,4.52822411067643,0.8091135,12.733547,0.020756738,78.5327123270271,1974-Apr-02 01:34:01.343,17.560663,-161.78943999999996,343.1147045960314,-6.9642484374422144,1219,3.515578703703704,945.0,7.0,256.0166421861083,93507.5183920542,1974,2230.016642186108,2486.0332843722163
60,60,478,6834156844774302848,317.4966389628766,-17.563011052197815,11.950731506623654,3.0749245,12.67429,0.054485302,78.89988499585702,1973-Mar-26 19:00:55.650,191.89479,-135.77126,317.51034951682783,-17.57271167573829,750,8.634270833333334,478.0,13.0,257.2136250864939,93944.70442659104,1973,2230.2136250864937,2487.4272501729874
41,41,308,4074489788429933824,284.8128734518857,-24.043713505058406,11.469552810931404,3.1867094,12.606698,0.07018010000000001,79.3229120844331,1972-Dec-07 05:53:21.492,7.2707562,-36.14674,284.81339572020363,-24.04630997459215,505,2.671099537037037,308.0,7.0,258.5926933952519,94448.39533568181,1972,2230.592693395252,2489.185386790504
122,122,1154,2643218398328129536,357.86978080004576,0.9590228822409406,12.449211754073115,3.1483755,12.665322,0.090043865,78.95574830355332,1974-Aug-20 12:11:02.682,31.413829999999997,-96.810295,357.87202685349587,0.9521010551765904,1363,15.84863425925926,1154.0,11.0,257.3957394695838,94011.2198838708,1974,2231.395739469584,2488.791478939168
39,39,294,4075267147462106880,283.7109460246888,-24.161704371617986,10.0848049735341,2.5651436000000003,12.562216000000001,0.026523763,79.60379088518009,1972-Dec-04 04:51:21.940,3.9113665,-23.007563,283.71122797832805,-24.16336288816929,497,2.662141203703704,294.0,7.0,259.50835828568705,94782.83278026435,1972,2231.508358285687,2491.0167165713738
45,45,336,4080410113090173184,287.5396762250652,-23.713318380819693,9.336646928700633,2.3989906000000003,12.534195,0.018071493,79.78174938918316,1972-Dec-14 21:38:22.647,42.530678,-51.16081,287.5427489331676,-23.717014588807746,525,2.6994212962962965,336.0,7.0,260.08850300873706,94994.72483891113,1972,2232.088503008737,2492.177006017474
187,187,2146,64919878085656960,57.2027249745506,23.12044591677321,11.662766916997723,3.0777092,12.860329,0.053067375,77.75851032463251,1979-Jun-26 07:20:34.216,4.887793,7.828098,57.20306914706879,23.12099712999032,2231,198.90967592592597,2146.0,46.0,253.49274365830198,92585.68969375822,1979,2232.492743658302,2485.985487316604
49,49,371,6864716666662525056,296.3145736123209,-22.40565149954904,12.786913250422039,3.2885828,12.548044,0.09401041,79.69369438661126,1973-Jan-09 02:13:21.034,23.827614,-5.046974,296.31629318271683,-22.40601572516787,589,2.8426967592592587,371.0,7.0,259.80144370035265,94889.8792971168,1973,2232.8014437003526,2492.602887400705
182,182,2001,61670924304600576,51.28067989910481,21.797042744048767,8.035714321157311,1.736659,12.790229,0.01656688,78.18468396626275,1978-May-30 14:49:10.794,90.06836,-15.933025,51.28705679583263,21.79591467579052,2117,51.94341435185186,2001.0,20.0,254.88206973001655,93093.12714819126,1978,2232.8820697300166,2487.764139460033
24,24,182,4113296471533827072,253.3265860151521,-24.454990536818595,9.930323836035484,2.6531352999999998,12.363553,0.023195418,80.8828979973581,1972-Sep-13 02:18:08.274,22.420359,-98.82221,253.3282281722654,-24.46222867253388,281,2.7821527777777777,182.0,7.0,263.6782474713874,96305.84310644954,1972,2235.6782474713873,2499.3564949427746
119,119,1112,2642793677600836224,354.9229244269403,-0.21627888181725066,9.451607819969883,2.3574076,12.403319,0.023063496,80.62357914604866,1974-Oct-03 22:43:23.856,134.0264,-53.909084,354.9327095854625,-0.2202147403114811,1386,32.09947916666667,1112.0,14.0,262.8328680161186,95997.07671420716,1974,2236.8328680161185,2499.665736032237
123,123,1165,2739177240553736832,1.465773631555919,2.5317629137717454,7.2219099760814895,1.4982528999999998,12.398256,0.019899575,80.6565032736398,1975-Jan-26 20:28:10.826,88.414116,24.794031,1.4722313104383096,2.533573845088339,1453,4.787604166666667,1165.0,7.0,262.9402006720657,96036.27889346528,1975,2237.9402006720657,2500.8804013441313
120,120,1126,2642823020817452032,355.2633010408561,-0.063414806387353,8.260945316220738,1.9120835999999999,12.330810000000001,0.02111981,81.09767590210855,1974-Sep-28 06:21:39.267,-88.98208000000002,-162.59697,355.2567663296166,-0.0753556855179096,1383,26.66739583333333,1126.0,14.0,264.37842344087386,96561.57537754477,1974,2238.378423440874,2502.756846881748
21,21,154,6049376159842503680,246.35041711994046,-23.948971831603718,12.16972332263833,3.072854,12.220955,0.09267328,81.8266664585707,1972-Aug-23 10:50:52.782,62.817368,12.772467,246.35507180217846,-23.948025409045574,231,2.9913194444444446,154.0,7.0,266.7549326549405,97429.57160289047,1972,2238.7549326549406,2505.509865309881
152,152,1447,82722964202491008,37.887396166164095,17.687095077047992,4.927658385493798,0.93833256,12.3958435,0.030218263999999998,80.67220270466558,1976-Jun-12 20:29:41.181,147.41463000000005,-135.22486999999998,37.898165279314696,17.677216464989606,1850,20.541469907407404,1447.0,13.0,262.99138081720974,96054.97192967769,1976,2238.9913808172096,2501.982761634419
204,204,2809,65942045942795776,60.01544474388029,23.865426006552838,11.894790248563925,3.1088285,12.549175,0.07640071,79.6865115902983,1980-Jun-22 15:57:12.943,-14.577628,3.6147494,60.01439281318129,23.86568684911659,2317,142.81209490740738,2809.0,28.0,259.7780277843724,94881.32686796418,1980,2239.778027784372,2499.5560555687443
50,50,378,6864712410352499584,296.44216132266985,-22.486546952249398,12.302650354477816,2.9792547000000003,12.212199,0.073616296,81.88533307656705,1973-Jan-09 11:56:12.262,-9.863797,81.00239,296.44142990457436,-22.48054048118872,590,2.84587962962963,378.0,7.0,266.94618582960857,97499.42491240623,1973,2239.9461858296086,2506.892371659217
94,94,874,2614686209024965760,334.3568690776325,-10.671608705544376,9.91026298911651,2.1720657,12.257507,0.022813095,81.58265571860358,1974-Feb-25 22:50:26.522,29.529629999999997,-88.85799,334.3590506584208,-10.678173327985935,1144,5.625115740740742,874.0,7.0,265.95945764264764,97139.03230940063,1974,2239.9594576426475,2505.918915285295
176,176,1868,61657897666474496,51.42207523584405,21.727682738325964,14.083833371942742,0.6184826,12.4419,0.20482747,80.37357474675919,1978-May-30 14:49:10.794,65.73356,-5.802859,51.42685950799177,21.72726039003928,2117,41.60010416666667,1868.0,17.0,262.01785367443495,95699.40087605063,1978,2240.017853674435,2502.0357073488703
150,150,1421,85581522635847424,36.82449892378219,17.32880485099291,12.05015658633427,3.4095879,12.205406,0.07463539999999999,81.93090705200129,1976-Jun-02 19:09:09.022,74.28282,26.751413,36.830010192690786,17.330789619871446,1842,20.420729166666668,1421.0,12.0,267.09475698952417,97553.68904285382,1976,2243.0947569895243,2510.1895139790486
42,42,315,4074571809416771968,285.2448573787065,-24.017277551630503,12.861731350501676,3.5457191,12.020661,0.12921584,83.19009832698076,1972-Dec-08 09:20:19.836,-61.30345,41.04479,285.24023918642143,-24.01418551161985,508,2.6748148148148148,315.0,7.0,271.19972054595723,99052.98593220543,1972,2243.1997205459575,2514.399441091915
97,97,896,2609222147335623424,338.40849052612293,-9.020838302477644,11.342829574489608,3.1695747000000005,12.084403,0.05659690000000001,82.75129494219864,1974-Mar-13 18:21:40.955,121.28187,-43.61277800000001,338.4175788987016,-9.024106467617386,1179,3.3003472222222223,896.0,7.0,269.76922151156754,98530.51046488492,1974,2243.7692215115676,2513.538443023135
7,7,56,6237850075092720512,232.64178825724144,-25.920467337668843,12.200145167850811,3.5143986000000003,11.921969,0.11382357,83.87875906190908,1972-May-13 10:26:12.410,-98.27346,-154.86923000000004,232.6343237061993,-25.93223073018481,87,3.9509490740740736,56.0,7.0,273.44475454182356,99872.96214885564,1972,2245.4447545418234,2518.8895090836468
189,189,2233,65687543360807552,58.00892090625994,23.55728797697009,12.79096073586247,3.409193,12.208802,0.10280916,81.90811692397439,1979-Jul-16 07:41:23.341,47.172626,-79.52601,58.01241981363726,23.55138934128087,2238,289.4511805555556,2233.0,64.0,267.0204611721565,97526.55323851845,1979,2246.0204611721565,2513.040922344313
40,40,301,4075274122488841088,283.9108527245585,-24.081634417623164,11.099981462775967,2.6298703999999997,11.878907,0.041214983999999996,84.18282783543302,1972-Dec-04 23:05:34.959,-204.27579,-305.3403,283.8952803138209,-24.10491120755273,499,2.6642592592592598,301.0,7.0,274.4360187435116,100235.01148588018,1972,2246.436018743512,2520.8720374870236
90,90,846,6841874660486453120,324.520099566707,-14.412473229028276,8.287892063375589,1.9339075000000001,11.962219000000001,0.026069032000000002,83.59652837659256,1974-Jan-20 13:53:44.784,30.899216,-13.843084,324.5224386793972,-14.413521169356466,1064,3.209398148148148,846.0,7.0,272.52468250769175,99536.91503910934,1974,2246.524682507692,2519.049365015384
89,89,832,6842120813652344832,322.09194766231144,-15.332001563392348,11.655778638833661,2.9948015,11.9306135,0.056516834,83.81798626795592,1974-Jan-11 07:30:14.616,77.90059000000002,-9.8939905,322.0978604653261,-15.332752536109155,1044,3.262002314814815,832.0,7.0,273.24663523353627,99800.60105269679,1974,2247.2466352335364,2520.4932704670728
212,212,3523,149442429288552832,66.83300763263864,24.94424144217,10.183857707708665,2.585394,12.315714,0.31786853,81.1970795639634,1983-Jul-20 19:06:29.888,-2.7394333,-46.137318,66.83280620614872,24.94084903324057,2526,325.95725694444445,3523.0,44.0,264.70247937852065,96679.93356821088,1983,2247.702479378521,2512.4049587570416
0,0,0,6040170361314010368,241.20944711383143,-29.37226956906753,12.656758673655554,3.3987036,11.812105,0.09988014,84.65891429683293,1972-Apr-14 17:24:41.698,-53.247395,-34.814254999999996,241.20536498691087,-29.37493854860631,21,3.0372916666666665,0.0,7.0,275.9880606076753,100801.87925634734,1972,2247.9880606076754,2523.9761212153508
202,202,2745,149881718543835648,63.26136438520653,24.44180191126678,12.262697700308394,3.2453928,12.115989,0.106170684,82.53556702390131,1981-Jul-16 11:29:17.949,5.219007,-3.2775745,63.2617544569277,24.441556943375765,2401,325.7547222222222,2745.0,68.0,269.06594849791827,98273.64702937967,1981,2250.0659484979183,2519.1318969958365
173,173,1833,61950131537645440,48.96113975243309,21.14022874979559,10.72095063552786,2.5928087000000004,11.788344,0.03510182,84.82955430295749,1977-Jul-21 07:42:57.954,-14.819454,-102.20444499999999,48.96000135255482,21.132377615327425,2021,48.0254513888889,1833.0,16.0,276.5443470276414,101005.05730837573,1977,2253.5443470276414,2530.0886940552828
135,135,1258,2580094061386397184,19.0754756898388,10.251437444176325,4.256304857857728,0.7646704000000001,11.666744,0.016230581,85.71371584901355,1975-May-11 15:47:12.978,158.92203,-26.43673900000001,19.087810994123227,10.249385461676436,1603,5.521435185185185,1258.0,7.0,279.42671366778416,102057.81290002148,1975,2254.426713667784,2533.853427335568
197,197,2590,65561030804295296,59.993616121419954,23.665049622698234,10.977436361338649,2.5405312,11.855215,0.040773757,84.35106355080252,1980-Jun-19 19:53:15.025,124.582954,-54.265181999999996,60.00313234495978,23.660904596522602,2316,134.13652777777781,2590.0,27.0,274.9844671756162,100435.32679122206,1980,2254.9844671756164,2529.9689343512327
134,134,1251,2580094061385878912,19.07539267611105,10.250199204586947,6.514687836108098,1.3030747999999999,11.6380205,0.021106387,85.92526526939449,1975-May-11 15:47:12.978,158.62514,-20.765639999999998,19.0877353239938,10.248583426721666,1603,5.521435185185185,1251.0,7.0,280.116364778226,102309.70107159927,1975,2255.116364778226,2535.232729556452
74,74,668,6858437424473726976,312.05718925646875,-19.260406595143905,2.0361841843463253,0.52760696,11.539429,0.024125181000000002,86.65940273561054,1973-Mar-02 16:28:37.865,37.574726,-24.74065,312.06013793183615,-19.26234811683447,707,8.511076388888887,668.0,14.0,282.50965291809035,103183.82563180332,1973,2255.5096529180905,2538.019305836181
116,116,1057,2642624936925598592,355.6537960018952,-0.14451973968717333,9.819391558411834,2.3666077000000003,11.538843,0.025208566,86.6638003979386,1974-Sep-22 21:30:50.534,-105.984955,-33.878307,355.6454784140618,-0.1471784736311173,1380,22.546550925925928,1057.0,13.0,282.5239892972798,103189.06185093848,1974,2256.52398929728,2539.04797859456
27,27,203,4112679469396621440,257.09202433519073,-24.670689862122288,12.138998624154079,3.0755138,11.434595,0.08958334,87.45390549924679,1972-Sep-23 17:31:32.000,-16.182215,-15.383123999999999,257.09074279386454,-24.671908119938234,308,2.7199305555555555,203.0,7.0,285.0997319275445,104129.82608921635,1972,2257.0997319275443,2542.1994638550887
76,76,696,6858437531849799552,312.05393533588943,-19.24846887344664,11.100974479162264,-0.1520729,11.464377,0.04417501,87.22671670907343,1973-Mar-02 16:28:37.865,33.655277000000005,-28.276983,312.05659372252467,-19.25070243562545,707,8.511076388888887,696.0,14.0,284.35909647157933,103859.31639527965,1973,2257.3590964715795,2541.718192943159
184,184,2079,64672350529217792,54.572916807347745,22.50701287263684,12.44880376070121,0.026432037000000002,11.587624,0.08589592,86.29897163113561,1978-Jul-24 07:11:14.699,-32.957096,-22.410656,54.570341257227724,22.505261511791453,2141,168.90570601851852,2079.0,26.0,281.3346475175021,102754.66665929247,1978,2259.334647517502,2540.6692950350043
75,75,682,6858437531847968128,312.0540833000065,-19.24865647236659,12.771993120288627,-0.08871937,11.382911,0.14016582,87.85099205779028,1973-Mar-02 16:28:37.865,40.37207,-19.508009,312.05729506039717,-19.250208412853752,707,8.511076388888887,682.0,14.0,286.3942341083963,104602.63006575067,1973,2259.394234108396,2545.7884682167924
81,81,769,6858614175264577408,312.99673306909864,-18.29986213725961,12.026958786241488,2.2723637,11.381186,0.23707719,87.86430879472648,1973-Dec-06 22:34:10.572,-4.252697,62.38075300000001,312.996394698684,-18.29489874552172,972,3.5684490740740733,769.0,7.0,286.4376466708083,104618.48607004603,1973,2259.437646670808,2545.8752933416163
221,221,4669,3420282985533933824,74.99021516004134,25.854341186356866,9.30821269447596,2.2771597000000003,12.204921,0.018027734,81.93416564910792,1994-Aug-10 21:56:28.625,-86.39421999999998,11.90596,74.9838050547608,25.85522456095035,2934,2307.962939814815,4669.0,80.0,267.10538001609183,97557.56899707738,1994,2261.1053800160917,2528.2107600321833
151,151,1433,82712106524911104,37.72681210472968,17.703490075606833,1.2490238018172768,1.1410189,11.427224,0.10731584599999999,87.51031624695497,1976-Jun-11 13:08:55.132,33.02936,-82.91038499999998,37.72942953355732,17.696919799318646,1849,21.6346875,1433.0,14.0,285.2836309650732,104196.99337368333,1976,2261.2836309650734,2546.5672619301467
214,214,3610,147940663906992512,68.66340786629051,25.01689942652525,5.316871205403917,1.1774301999999999,11.749233,0.019083869,85.11193701540037,1984-Aug-20 00:51:42.507,-52.56791,-11.144047,68.65935626570149,25.016040514174275,2586,701.9850694444444,3610.0,84.0,277.4649146702052,101341.28543414574,1984,2261.464914670205,2538.92982934041
55,55,413,6854045223417335168,303.44467864841727,-21.023539641204067,12.67210418956326,3.2599316000000003,11.279663000000001,0.10716563,88.655130244689,1973-Jan-31 06:24:19.724,31.918858,-17.434078,303.44724116484235,-21.024939287531687,642,2.4830439814814813,413.0,7.0,289.01572459768613,105560.10325205888,1973,2262.015724597686,2551.0314491953723
18,18,133,6050326889510420608,243.69503426218682,-23.69930730339621,14.037347172498245,3.7205237999999996,11.232774000000001,0.29753593,89.02520601877146,1972-Aug-15 02:22:46.731,-40.797684000000004,-18.375784,243.6917452616764,-23.700788710113173,212,3.122164351851852,133.0,7.0,290.22217162119495,106000.74596292524,1972,2262.222171621195,2552.4443432423896
219,219,4433,153279243832437376,74.08138811385308,25.695915830874323,12.402468771049753,3.0476617999999998,12.062759,0.08155425,82.89977167650166,1992-Aug-02 22:37:29.725,121.23013999999999,-80.24774000000002,74.0904889100796,25.689891600095496,2885,3328.029479166666,4433.0,150.0,270.2532556653954,98707.29909922901,1992,2262.2532556653955,2532.506511330791
71,71,627,6834102350228123520,317.8992214177782,-17.695451853398286,14.50927020245939,3.6614190000000004,11.244418,0.32293624,88.93301433418257,1973-Mar-28 17:40:08.510,-22.707160000000002,-35.43377299999999,317.8973927226928,-17.698305471548164,753,8.207974537037037,627.0,13.0,289.92162672943516,105890.9749466589,1973,2262.921626729435,2552.84325345887
175,175,1858,61314888695975680,50.00054081124009,21.396303863461913,13.301100165682746,3.6187172,11.439657,0.19674353,87.41520672593964,1978-May-12 13:46:36.411,20.895376000000002,-29.071797999999998,50.002194876462184,21.394002557657245,2107,65.18238425925927,1858.0,10.0,284.97357392656323,104083.74814093795,1978,2262.9735739265634,2547.947147853127
196,196,2567,65731420746465664,59.059277614893205,23.53341345564669,8.468481800392398,1.9215621999999999,11.471581,0.015274036000000001,87.17193907135568,1979-Aug-24 18:22:38.817,71.49899,-97.507614,59.064921680821115,23.525716292649268,2246,105.20390046296295,2567.0,23.0,284.1805213726195,103794.09362613555,1979,2263.1805213726193,2547.3610427452386
205,205,2931,149541454054881920,65.02837850804501,24.540491709008432,10.725972548100316,2.887002,11.581475,0.03794948,86.3447857664041,1982-Jul-11 20:09:32.961,42.21496,-55.659195,65.03167929828533,24.536139713049263,2469,568.6197569444445,2931.0,93.0,281.48400159847733,102809.21674382787,1982,2263.4840015984773,2544.9680031969547
61,61,491,6834157875566540416,317.63206222884634,-17.528440450640662,12.247876715351904,3.3309144999999996,11.219709,0.0833346,89.12886819726576,1973-Mar-27 10:26:42.039,-11.78668,3.649399,317.631110911667,-17.52814590324161,751,8.111377314814815,491.0,13.0,290.56011032308635,106124.17469440406,1973,2263.5601103230865,2554.120220646173
199,199,2643,150030904230676864,62.4554966491789,24.093539954807593,9.550533989608825,2.3782978,11.522048,0.32418457,86.79012622599241,1981-Jun-21 14:14:33.291,1.5540047,-24.333328,62.45561878360221,24.091627517173748,2394,351.8591435185185,2643.0,64.0,282.93581149673525,103339.47579106758,1981,2263.9358114967354,2546.8716229934707
26,26,196,4113135633609628800,255.09604620083275,-24.64753222335732,12.084757169704387,0.06891823,11.146278,0.07417793,89.71604384773079,1972-Sep-18 05:56:41.929,19.46048,-37.84451,255.09762722716584,-24.650606822046576,294,2.748854166666667,196.0,7.0,292.47430294360237,106823.31440712133,1972,2264.474302943602,2556.9486058872044
114,114,1037,2641774155443934336,356.31690575718244,-0.7934656752105564,10.003248498924409,2.640499,11.196655999999999,0.030386684,89.31237859911955,1974-Jun-12 22:45:27.330,30.44383400000001,-32.799023,356.3193679749003,-0.7961183744055975,1333,7.306631944444446,1037.0,7.0,291.1583542331297,106342.6773001083,1974,2265.1583542331296,2556.316708466259
56,56,420,6854042199759594752,303.5987544233345,-21.08166134341144,10.830240618542524,2.681116,11.155329,0.039778996000000004,89.64325681081215,1973-Jan-31 16:51:04.723,68.83230999999999,-57.646664,303.60434202502563,-21.086340927444386,643,2.488587962962963,420.0,7.0,292.2370172032476,106736.64816331415,1973,2265.2370172032474,2557.474034406495
87,87,818,6836190318514150400,319.9639000515498,-16.088589797992373,7.203180659912663,1.5862969999999998,11.138821,0.018819336000000002,89.7761110968416,1974-Jan-03 06:53:06.328,-2.8394063,-54.53103,319.96366921542773,-16.093023024551705,1027,3.3240972222222216,818.0,7.0,292.6701221757036,106894.83542345399,1974,2266.6701221757035,2559.340244351407
166,166,1658,60479908396340480,48.190149381238214,20.940688412041983,13.404389700000072,3.6275023999999996,11.214841,0.20243570000000002,89.16756019096887,1977-Jul-06 21:44:30.523,18.5113,-52.339115,48.19164409911669,20.93646222507452,2015,87.224375,1658.0,38.0,290.6862462225585,106170.24457032727,1977,2267.6862462225586,2558.372492445117
1,1,7,6040374526875038336,240.8864238924269,-29.236631458768176,10.509056476281913,2.5075226,11.019978,0.03398142,90.74428633688277,1972-Apr-16 01:04:35.358,-92.82667,-18.095379,240.8787959484104,-29.238118429488072,24,2.9826967592592597,7.0,7.0,295.8263734582378,108047.62464188678,1972,2267.826373458238,2563.6527469164757
11,11,84,6251595074252456448,232.4300938451094,-22.91894834550305,10.51605451811441,2.7408237,11.015728999999999,0.032932817999999996,90.77928519243078,1972-Jun-29 17:05:50.579,-119.82212,-57.742355,232.42024377759773,-22.923695099235026,131,6.311759259259259,84.0,7.0,295.94046972732434,108089.29716320794,1972,2267.9404697273244,2563.880939454649
14,14,105,6237144845764301440,239.68398884115246,-23.35346954036436,12.276134200950814,3.1713896,11.003483000000001,0.10087942,90.88031639485149,1972-Aug-01 09:03:47.832,-14.628817999999999,-50.120018,239.68278492982483,-23.35759427957709,183,3.45375,105.0,7.0,296.26983144721584,108209.59323778111,1972,2268.269831447216,2564.539662894432
195,195,2502,65677579036713600,57.71066227787882,23.343851777929807,12.61860851692709,3.2200279999999997,11.261703500000001,0.11027705,88.79651295920179,1979-Jul-07 03:33:50.444,76.74645,-84.75112,57.716833478526276,23.33703691991207,2235,155.4848726851852,2502.0,32.0,289.47663224699784,105728.4451618935,1979,2268.4766322469977,2557.9532644939954
17,17,126,6242146524157081088,242.71574067360686,-23.55763604510468,14.046795835989005,4.182016399999998,10.936425,0.24805331,91.4375566865222,1972-Aug-11 21:57:00.195,-61.445544999999996,-106.39703,242.71065286856395,-23.566445916720948,205,3.184560185185185,126.0,7.0,298.0864347980623,108873.08944564429,1972,2270.0864347980623,2568.1728695961247
157,157,1522,86135058021051392,38.01190183426769,18.3756026028729,4.13902512297863,0.7349844,11.075251,0.016783442,90.29141044335422,1976-Oct-28 19:21:46.535,-20.891989000000002,-7.6899977,38.01019362266529,18.374973838258764,1899,18.484930555555557,1522.0,10.0,294.34999804533476,107508.39328607806,1976,2270.349998045335,2564.6999960906696
172,172,1761,60228090169233024,46.39358604472127,20.49344319447268,11.63644873461086,2.6776514,11.110876,0.08249645,90.0019037649398,1977-Jun-11 07:44:37.048,-56.84348000000001,28.896162,46.38895319946758,20.495798283378416,2001,35.78208333333333,1761.0,18.0,293.40620627370373,107163.68277940755,1977,2270.406206273704,2563.812412547408
156,156,1512,86135058021051648,38.011939118304035,18.3736081513603,3.6000513919718777,0.6818776,11.056186,0.021340515,90.44710582044674,1976-Oct-28 19:21:46.535,-20.452631,-9.249571000000001,38.01026394669361,18.372850565771767,1899,18.484930555555557,1512.0,10.0,294.8575649746563,107693.77703134347,1976,2270.8575649746563,2565.7151299493125
43,43,322,4074576894671396480,285.29330858489607,-23.944352906145397,8.989827204914011,2.28625,10.897105999999999,0.021436492,91.76748251687052,1972-Dec-08 18:29:48.388,-24.505373000000002,-3.3686814,285.2912721732041,-23.9446328456612,509,2.676087962962963,322.0,7.0,299.16199300499784,109265.92632514541,1972,2271.161993004998,2570.3239860099957
19,19,140,6050326893808160256,243.6961259497645,-23.698451399548716,11.392871250024848,3.0463505,10.873477000000001,0.06188371,91.96690273448613,1972-Aug-15 02:22:46.731,-39.590804999999996,-17.386806,243.6928287797604,-23.699899393767144,212,3.122164351851852,140.0,7.0,299.81210291442477,109503.3724684645,1972,2271.812102914425,2571.62420582885
155,155,1502,83140057066288000,38.2664647857725,18.461470282910934,10.0141763430913,2.4329405,10.974734,0.030736858,91.11837900464927,1976-Oct-24 19:58:28.582,-84.54334,-70.4794,38.25948887613515,18.45565482878932,1897,18.276168981481486,1502.0,10.0,297.0459155551566,108493.0501973654,1976,2273.0459155551566,2570.0918311103133
20,20,147,6050086753593661952,245.01823223657485,-23.834384918167128,13.323983889787405,3.655035,10.825639,0.16930719,92.3733020423283,1972-Aug-19 13:01:05.044,57.56191,-43.89913,245.0230472455581,-23.83805704646423,222,3.0473032407407405,147.0,7.0,301.13696465799023,109987.26497168436,1972,2273.13696465799,2574.2739293159802
29,29,217,4109530502450883840,258.6819487652176,-24.823324431104265,8.463035354571383,2.6180972999999996,10.793205,0.018349325,92.65088319889841,1972-Sep-27 23:58:02.067,-20.408506,-49.50663400000001,258.68023647950804,-24.82747806684237,319,2.700173611111111,217.0,7.0,302.0418792284088,110317.77596938403,1972,2274.041879228409,2576.083758456818
177,177,1904,61680991707984384,51.819785453156406,21.849230249788896,10.239085770205367,2.6254559,10.977716000000001,0.03062246,91.09362634078623,1978-Jun-05 05:36:57.193,36.81661,-9.212314,51.8228224701112,21.84847032230105,2120,45.2130787037037,1904.0,19.0,296.9652218709631,108463.57763615056,1978,2274.965221870963,2571.930443741926
72,72,640,6857774663777427712,313.6959698639243,-18.792726401300467,1.7605205305947873,0.40789366,10.779064,0.03276707,92.77243213726177,1973-Mar-09 06:40:38.556,77.84168000000003,14.886538,313.7025093949269,-18.791475773477465,720,8.53111111111111,640.0,14.0,302.43812876747336,110462.50215103198,1973,2275.4381287674732,2577.8762575349465
164,164,1624,108165903787108352,44.79356788754378,19.989730237307914,2.4382498215049515,0.4974122,10.871113000000001,0.035221986000000004,91.98690292676987,1977-May-23 22:52:32.421,52.2148,-24.63905,44.79791734490257,19.98767782129518,1989,46.21023148148148,1624.0,17.0,299.8773035412698,109527.18634541337,1977,2276.8773035412696,2576.754607082539
99,99,910,2609217925382846720,338.6397287033023,-8.937529516880572,11.010233190976717,2.5453262000000003,10.759742,0.047679123,92.93903331088836,1974-Mar-14 16:55:44.836,-1.7425104,-56.749973,338.639582050966,-8.94230568119239,1181,3.3079282407407407,910.0,7.0,302.98124859349605,110660.8712362885,1974,2276.9812485934963,2579.9624971869926
193,193,2320,64875450943331200,56.3430689295303,23.20461816527339,3.513943490388584,0.80675983,10.927168,0.03816618,91.51502107791208,1979-Jun-14 01:40:35.293,-55.646824,-52.674076,56.338457365827296,23.200252959132403,2226,50.235162037037036,2320.0,18.0,298.3389687139934,108965.32493309895,1979,2277.3389687139934,2575.6779374279868
98,98,903,2609217994102323584,338.63435034224295,-8.937476909771217,8.927289559182762,2.0446587,10.742514,0.021179656,93.08808273044266,1974-Mar-14 16:55:44.836,-1.4646188,-57.2442,338.6342268800072,-8.942302395496805,1181,3.3079282407407407,903.0,7.0,303.46714970124305,110838.34175688202,1974,2277.467149701243,2580.9342994024864
132,132,1235,2579867385898745856,18.303353810286765,9.877499095815807,14.558058555518706,1.1265545,10.769441,0.33125734,92.85533319808223,1975-May-06 07:27:39.363,189.25781,-86.222336,18.319267691629666,9.870249027757064,1596,6.124178240740742,1235.0,8.0,302.7083862257481,110561.21098509223,1975,2277.708386225748,2580.4167724514964
62,62,504,6835287589403898368,321.48331892614436,-16.359706638341947,10.747916345641034,2.7318697,10.684013,0.051760587999999996,93.59778630723913,1973-Apr-19 05:35:10.549,61.15671999999999,-74.613235,321.4885024512152,-16.366030711668635,781,13.056423611111109,504.0,13.0,305.1287833615996,111445.23683499063,1973,2278.1287833615997,2583.2575667231995
53,53,399,6854207916777617664,303.20938241837024,-21.098809779930715,10.820549195702558,2.93194,10.681987,0.037465066,93.6155434285268,1973-Jan-30 09:34:03.658,22.263315,-8.884837,303.2112697718425,-21.099562984388136,640,2.4721759259259257,399.0,7.0,305.18667157699736,111466.37992678252,1973,2278.1866715769975,2583.373343153995
124,124,1172,2740525314824836352,2.4780596196075835,2.980476184200496,12.815733791037015,3.3477650000000003,10.738524,0.14173248,93.12266372082311,1975-Feb-02 17:19:43.322,-33.639590000000005,-13.953265,2.475222866451963,2.9792995358636025,1462,5.159513888888889,1172.0,7.0,303.5798837298833,110879.51673350258,1975,2278.5798837298835,2582.159767459767
52,52,392,6864777350258203520,297.30428093615984,-22.277155467112028,10.870265377362433,2.7959308999999997,10.66499,0.05665606,93.76473490736383,1973-Jan-11 22:26:50.535,-4.9485790000000005,32.879993,297.30386075606947,-22.274363651708736,596,2.8656944444444443,392.0,7.0,305.6730357980061,111644.01959486374,1973,2278.673035798006,2584.346071596012
9,9,70,6251264224330675072,231.2595448316811,-22.95222071362203,9.362392475542043,2.2046308999999997,10.623043,0.021565637999999998,94.13498508133715,1972-Jun-20 21:36:26.163,-69.21415,-61.688072,231.25364470425373,-22.957479284152985,123,7.871273148148147,70.0,7.0,306.8800513651591,112084.86996061071,1972,2278.880051365159,2585.760102730318
192,192,2302,64875244784904704,56.35409464214568,23.19229202590279,5.634844924937083,1.0541058,10.850044,0.014373597,92.16552273093241,1979-Jun-14 01:40:35.293,-54.374669999999995,-48.614414000000004,56.34955647427711,23.18823461497665,2226,50.235162037037036,2302.0,18.0,300.45960410283965,109739.86580252116,1979,2279.45960410284,2579.9192082056798
37,37,280,4076564261982939136,280.1118723856237,-24.42830114763709,10.015018064720147,2.4738674,10.561394,0.030196121,94.68447298026516,1972-Nov-24 17:52:38.296,17.725306,-120.91489399999999,280.1133921908843,-24.43866864689144,472,2.641319444444445,280.0,7.0,308.67138191566437,112739.13553087726,1972,2280.6713819156644,2589.3427638313287
83,83,790,6881902175138212096,314.37690777612613,-17.87263760427149,10.003179546290653,2.4105701,10.563547999999999,0.030941697,94.66516284703644,1973-Dec-12 13:22:47.974,133.74434,-120.6145,314.38837296046347,-17.88297723815133,983,3.564328703703704,790.0,7.0,308.6084308813388,112716.14329510018,1973,2281.608430881339,2590.2168617626776
128,128,1207,2556926732914071680,9.76902600546424,6.2038996154227375,6.0931129700977875,1.1059523,10.609964,0.020860747,94.25102338316609,1975-Mar-17 09:32:05.265,-30.437592,-9.737178,9.766428169013944,6.203068551128611,1524,4.670416666666667,1207.0,7.0,307.2583362291214,112223.03472432432,1975,2282.2583362291216,2589.516672458243
170,170,1726,108300898903911808,45.40281591437154,20.569793451561534,12.558037980282874,3.4017677,10.676396,0.1018905,93.66456296209749,1977-Jun-04 23:30:33.537,-44.82414,-29.399984000000003,45.39901399667987,20.567299788011926,1997,41.078761574074065,1726.0,16.0,305.3464752564378,111524.74662266136,1977,2282.3464752564378,2587.6929505128755
25,25,189,4113135633591399808,255.0954401076627,-24.647965632201835,13.883402791418508,0.5636463,10.492984,0.21112412,95.30177662900827,1972-Sep-18 05:56:41.929,21.318325,-41.419605,255.0972799030399,-24.651540190621468,294,2.748854166666667,189.0,7.0,310.68379181056696,113474.14812089148,1972,2282.683791810567,2593.367583621134
117,117,1070,2642804672717176320,355.45191480228743,-0.21906591021488392,7.784937575370049,1.8119488000000001,10.540718,0.019194443000000002,94.8701969393302,1974-Sep-26 10:48:39.585,37.872437,-68.237335,355.45516843477026,-0.2249282003325561,1382,25.5578125,1070.0,14.0,309.27684202221644,112960.27378019433,1974,2283.2768420222164,2592.553684044433
112,112,1023,2640992883712938496,355.2204968717268,-1.2928904281081663,8.64261988780337,2.187563,10.5267935,0.04261208,94.99568903936104,1974-Jun-04 19:20:38.145,181.16353,5.926675,355.2360812727318,-1.2923805921705958,1324,6.232650462962963,1023.0,7.0,309.68594626831697,113109.6950150401,1974,2283.685946268317,2593.371892536634
163,163,1617,84310590272751872,43.784365780009786,19.64921951522536,14.251650247854302,3.8283824999999996,10.619985,0.28825724,94.16209487528623,1977-May-12 11:39:39.195,-57.76325,-124.253914,43.7794403611679,19.63862449875571,1981,10.010219907407407,1617.0,7.0,306.9684292934331,112117.14911513349,1977,2283.968429293433,2590.936858586866
8,8,63,6251088538689921920,230.19675594185847,-23.90596405291059,7.7128779350771675,1.7675734,10.428142,0.017398959,95.89436343881071,1972-May-31 06:32:37.237,-7.3903604000000005,-19.749228,230.19611417964504,-23.90767903125532,111,11.385729166666666,63.0,7.0,312.6156248105229,114179.73080579538,1972,2284.615624810523,2597.231249621046
133,133,1243,2579873265707808128,18.304064974376537,9.878148377175387,10.352756033605397,2.6265125,10.469510000000001,0.04056094,95.51545320733312,1975-May-06 07:27:39.363,188.51476,-84.76732,18.320370486211342,9.870816460281887,1596,6.124178240740742,1243.0,8.0,311.38037745590594,113728.56906199509,1975,2286.380377455906,2597.760754911812
149,149,1414,79623578362575232,35.83973934979717,17.04007633088476,9.82121637845301,2.1948137,10.48938,0.02823496,95.33452035983196,1976-May-24 10:45:19.031,55.69599,-251.91245,35.84454762783189,17.018328534619354,1834,7.568194444444443,1414.0,7.0,310.79053637305213,113513.13550489357,1976,2286.790536373052,2597.581072746104
216,216,3877,148105453212148480,70.72962957751723,25.276151837152103,7.473848915092272,1.587923,10.783681,0.016056024,92.73271416365884,1987-Jul-11 18:00:02.834,32.19194,-103.03650999999999,70.73233288577892,25.26749937827493,2722,1328.7805555555556,3877.0,123.0,302.3086481735278,110415.21065889929,1987,2289.3086481735277,2591.6172963470553
179,179,1942,64689736556724352,54.451550847567844,22.698303110533427,12.850257768193725,3.611007700000002,10.468813,0.12478251,95.52181374259315,1978-Jul-24 07:11:14.699,15.675889999999999,39.30725,54.45290681798051,22.701703202613288,2141,355.42016203703696,1942.0,56.0,311.40111280085364,113736.14243938378,1978,2289.4011128008538,2600.8022256017075
77,77,726,6859639401140960128,307.3658070731729,-20.063580179405484,9.171000028090349,2.2797499,10.299441,0.020380603,97.0926448554767,1973-Feb-13 16:48:53.164,49.622707,1.927502,307.37017004324224,-20.06341070792482,672,43.21681712962963,726.0,18.0,316.52202222885404,115606.50339886665,1973,2289.522022228854,2606.044044457708
85,85,804,6882184096791003392,316.49387071609385,-17.197373694895152,10.298637812546561,2.4743977000000004,10.258505,0.032965022999999996,97.4800921684862,1973-Dec-21 03:27:30.480,17.985928,6.3958764000000015,316.4954584006429,-17.196809107158266,1000,3.4632060185185187,804.0,7.0,317.785100469265,116067.83009539435,1973,2290.7851004692648,2608.5702009385295
93,93,867,2613350474195987584,330.39659153240297,-12.191223737571695,11.474941487053833,2.9519444,10.275657,0.06018741,97.31738118371864,1974-Feb-11 09:55:38.192,18.119644,-78.197624,330.3981883507908,-12.198115009998148,1112,3.171226851851852,867.0,7.0,317.2546626589227,115874.09298954494,1974,2291.254662658923,2608.5093253178457
126,126,1193,2555330070231980032,8.165976716698683,5.524754877491341,10.36604976777304,2.6195383,10.299448,0.06653110000000001,97.0925819236253,1975-Mar-08 17:00:21.369,5.618157,-113.86222,8.166470680769889,5.5147437925346985,1511,4.6840972222222215,1193.0,7.0,316.52181707101846,115606.42846701879,1975,2291.5218170710186,2608.0436341420373
22,22,168,6047659238078649728,249.0060616354073,-24.18557194047627,6.512751907657705,1.592886,10.1853695,0.19728959,98.1800415612763,1972-Aug-31 11:38:02.223,-44.4458,-34.977917,249.0021100680096,-24.188681741467892,250,2.3156597222222217,168.0,7.0,320.0669354897607,116901.2475182802,1972,2292.066935489761,2612.133870979522
140,140,1305,2586188104583371136,23.816914430004825,13.069196951651902,9.993915544863386,2.7269516,10.266778,0.030933015,97.40154123864416,1975-Oct-15 13:06:05.181,57.686206999999996,-23.300048999999998,23.822002502123706,13.067141827292874,1695,19.196203703703706,1305.0,12.0,317.52902443797996,115974.3008857278,1975,2292.52902443798,2610.0580488759597
206,206,3131,149518944129116032,65.71172176907987,24.61682633296777,6.850447485244592,1.4471655,10.48348,0.01587541,95.38816850342673,1982-Aug-06 07:35:47.705,81.9905,-10.459681,65.71880405570938,24.615922832507447,2474,307.90391203703706,3131.0,38.0,310.9654293211711,113577.01340526453,1982,2292.965429321171,2603.930858642342
181,181,1981,61341208255595008,50.717275207303715,21.713272702349848,3.7767969420502494,0.71576023,10.344534,0.02500776,96.66941088943241,1978-May-21 12:06:10.711,-2.876776,-12.448882000000001,50.717023375507814,21.71218293228827,2112,59.23752314814814,1981.0,20.0,315.14227949954966,115102.56616441552,1978,2293.1422794995497,2608.2845589990993
203,203,2779,65945791154458752,60.224873753088,23.901175572894353,8.433203143378371,2.034955,10.397162,0.017314196,96.18008817474251,1980-Jun-28 12:46:08.140,17.262836,-61.23158000000001,60.2263772854275,23.89584251773871,2319,155.91138888888892,2779.0,30.0,313.5470874496606,114519.93822011404,1980,2293.5470874496605,2607.094174899321
105,105,967,2635269135416175488,347.0048540462083,-5.223002410672031,4.277615885380472,0.8153467,10.151750999999999,0.28838995,98.5051783570734,1974-Apr-19 03:45:10.543,191.37222,-39.238617,347.021924827958,-5.2265025731086014,1252,3.828877314814815,967.0,7.0,321.1268814440593,117288.38217862822,1974,2295.126881444059,2616.253762888118
160,160,1584,83185583719677568,39.56450895507593,18.45712087811401,9.344199846879064,2.24401,10.214363,0.030705934,97.90135619729956,1976-Jul-03 10:59:31.193,-108.89439399999999,-70.848465,39.5548549021189,18.450839794138275,1864,34.22325231481481,1584.0,19.0,319.15842120319655,116569.42176025551,1976,2295.1584212031967,2614.3168424063933
169,169,1710,60617656587263872,46.78443232009807,20.924921741739713,7.271564329303263,1.5686312,10.233429,0.014408651000000001,97.71895660679512,1977-Jun-21 11:07:14.138,17.282532,-51.389545,46.7859616515879,20.92037428010154,2007,32.987939814814816,1710.0,16.0,318.56379853815207,116352.24177807466,1977,2295.5637985381522,2614.1275970763045
158,158,1532,85627908282618624,36.76217214859624,17.610985007330587,9.925470946674203,2.5959244,10.198522,0.032551184,98.05342753011641,1976-Jun-04 00:15:15.213,164.36678,-110.31221000000001,36.77676675077695,17.60119006661452,1843,37.61082175925926,1532.0,17.0,319.65417374817946,116750.49041978507,1976,2295.6541737481793,2615.3083474963587
51,51,385,6864776525624382592,297.157102045707,-22.304986029994755,6.080467064954302,1.1925383,10.090469,0.024998283,99.10341771903057,1973-Jan-11 12:40:05.371,-104.43956999999999,-68.85084,297.1477292501598,-22.311164960453066,595,2.8623032407407414,385.0,7.0,323.07714176403965,118000.69525789785,1973,2296.07714176404,2619.1542835280798
131,131,1228,2580650517349359232,13.893950320401295,7.924015018065599,10.324417497969833,2.430232,10.096909,0.038770422,99.04021544148428,1975-Apr-09 22:24:31.502,49.714874,25.895134,13.898409072928693,7.9263374617154465,1559,4.8147569444444445,1228.0,7.0,322.87110233923875,117925.44141838356,1975,2297.871102339239,2620.7422046784777
141,141,1317,2586182156053386240,23.76740242909207,13.044970115348873,14.034016668231981,0.5375385,10.087254,0.28527057,99.13501162683842,1975-Oct-17 06:05:06.414,55.663219999999995,91.01038,23.772399446128176,13.053140329752937,1696,19.253159722222218,1317.0,12.0,323.18013790349323,118038.31356787187,1975,2298.1801379034932,2621.3602758069865
92,92,860,6840898049347292800,328.76576601897517,-12.887787472627773,8.870733734938726,2.0994625,10.053466,0.022278924,99.46818496193684,1974-Feb-05 01:42:50.501,203.86543,96.20204,328.7841290020272,-12.879122166125324,1098,3.171712962962963,860.0,7.0,324.26628297591407,118435.01719412286,1974,2298.2662829759142,2622.5325659518285
154,154,1486,84545026767457408,40.286218162180816,18.98681952570844,13.293423324451554,3.6394940000000013,10.034829,0.21002248,99.6529174615276,1976-Jul-18 23:30:06.238,117.45043999999999,-162.18561,40.296817045485625,18.972183681517784,1872,39.55581018518519,1486.0,16.0,324.86851092457994,118654.97493009358,1976,2300.86851092458,2625.7370218491596
194,194,2366,65025431201292288,55.450513895187385,22.786945250801026,8.274347461590567,1.852148,10.059409,0.014030363,99.40941718639124,1979-May-27 01:35:52.014,79.91496,-131.99861,55.45770790582785,22.775062627292208,2218,59.46703703703704,2366.0,20.0,324.0747000276354,118365.04343809356,1979,2303.0747000276356,2627.149400055271
208,208,3269,149497885906756096,65.40591958804731,24.56095684450755,12.916199217082813,3.8129864,10.023641,0.14455865,99.76415123510678,1982-Jul-25 18:16:30.946,-39.70319,9.555877,65.40233272033903,24.561820142036122,2472,299.7757986111111,3269.0,37.0,325.2311330264481,118787.41902657991,1982,2307.2311330264483,2632.4622660528967
220,220,4533,3419918875386344576,74.53250278582381,25.80584776701386,12.564851761612616,0.09028053,10.21563,0.13249457,97.88921890718552,1993-Aug-11 08:33:40.538,7.2807145,-17.870947,74.53314817891477,25.804263611279012,2912,3424.2466319444447,4533.0,129.0,319.11885363742476,116554.97010253303,1993,2312.1188536374248,2631.2377072748495
