,date,ra,dec
0,2006-Jan-20 00:00:00.000,207.08781,-10.02864
1,2006-Jan-20 00:13:54.276,207.19701,-9.97212
2,2006-Jan-20 00:29:30.543,207.30739,-9.91493
3,2006-Jan-20 00:46:49.544,207.41706,-9.85803
4,2006-Jan-20 01:06:09.506,207.52607,-9.80141
5,2006-Jan-20 01:27:53.055,207.63443,-9.74504
6,2006-Jan-20 01:52:28.605,207.74215,-9.68893
7,2006-Jan-20 02:20:32.337,207.84921,-9.63307
8,2006-Jan-20 02:52:51.034,207.95558,-9.57746
9,2006-Jan-20 03:30:26.245,208.06119,-9.52212
10,2006-Jan-20 04:14:40.475,208.16597,-9.46707
11,2006-Jan-20 05:07:26.679,208.26982,-9.41234
12,2006-Jan-20 06:11:23.248,208.3726,-9.358
13,2006-Jan-20 07:30:18.360,208.47417,-9.30414
14,2006-Jan-20 09:09:51.627,208.57432,-9.25089
15,2006-Jan-20 11:18:49.104,208.67279,-9.19844
16,2006-Jan-20 14:11:26.161,208.76918,-9.14703
17,2006-Jan-20 18:12:18.756,208.86299,-9.09701
18,2006-Jan-21 00:07:10.289,208.95343,-9.04881
19,2006-Jan-21 09:29:34.265,209.03936,-9.00308
20,2006-Jan-22 01:57:27.013,209.11884,-8.96065
21,2006-Jan-23 11:45:05.488,209.18726,-8.92192
22,2006-Jan-27 08:35:41.490,209.21077,-8.87568
23,2006-Feb-05 11:37:22.710,208.89222,-8.71352
24,2006-Feb-07 07:56:06.723,208.75989,-8.66168
25,2006-Feb-08 20:43:49.142,208.63033,-8.6127
26,2006-Feb-10 04:47:38.135,208.50231,-8.56532
27,2006-Feb-11 09:31:02.376,208.37531,-8.51894
28,2006-Feb-12 11:43:21.260,208.24903,-8.47326
29,2006-Feb-13 11:56:44.277,208.12331,-8.42809
30,2006-Feb-14 10:33:34.771,207.99803,-8.38331
31,2006-Feb-15 07:50:12.764,207.8731,-8.33883
32,2006-Feb-16 03:58:59.214,207.74848,-8.2946
33,2006-Feb-16 23:09:30.323,207.62411,-8.25057
34,2006-Feb-17 17:29:24.815,207.49997,-8.2067
35,2006-Feb-18 11:04:53.948,207.37602,-8.16299
36,2006-Feb-19 04:01:03.862,207.25223,-8.11939
37,2006-Feb-19 20:22:10.207,207.12861,-8.07591
38,2006-Feb-20 12:11:49.037,207.00511,-8.03252
39,2006-Feb-21 03:33:04.878,206.88175,-7.98922
40,2006-Feb-21 18:28:36.843,206.75849,-7.946
41,2006-Feb-22 09:00:43.319,206.63534,-7.90284
42,2006-Feb-22 23:11:25.637,206.51228,-7.85976
43,2006-Feb-23 13:02:30.973,206.38931,-7.81673
44,2006-Feb-24 02:35:34.657,206.26643,-7.77377
45,2006-Feb-24 15:52:02.042,206.14362,-7.73086
46,2006-Feb-25 04:53:10.015,206.02088,-7.68801
47,2006-Feb-25 17:40:08.223,205.89821,-7.64521
48,2006-Feb-26 06:14:00.077,205.7756,-7.60246
49,2006-Feb-26 18:35:43.560,205.65306,-7.55976
50,2006-Feb-27 06:46:11.889,205.53057,-7.51712
51,2006-Feb-27 18:46:14.057,205.40813,-7.47452
52,2006-Feb-28 06:36:35.270,205.28574,-7.43198
53,2006-Feb-28 18:17:57.309,205.1634,-7.38948
54,2006-Mar-01 05:50:58.843,205.0411,-7.34704
55,2006-Mar-01 17:16:15.685,204.91884,-7.30465
56,2006-Mar-02 04:34:21.035,204.79662,-7.26231
57,2006-Mar-02 15:45:45.685,204.67444,-7.22002
58,2006-Mar-03 02:50:58.224,204.5523,-7.17778
59,2006-Mar-03 13:50:25.220,204.43018,-7.13559
60,2006-Mar-04 00:44:31.397,204.3081,-7.09345
61,2006-Mar-04 11:33:39.803,204.18604,-7.05136
62,2006-Mar-04 22:18:11.963,204.06401,-7.00931
63,2006-Mar-05 08:58:28.030,203.94201,-6.96732
64,2006-Mar-05 19:34:46.915,203.82003,-6.92537
65,2006-Mar-06 06:07:26.418,203.69807,-6.88347
66,2006-Mar-06 16:36:43.320,203.57613,-6.84162
67,2006-Mar-07 03:02:53.536,203.45421,-6.79982
68,2006-Mar-07 13:26:12.163,203.33232,-6.75806
69,2006-Mar-07 23:46:53.560,203.21044,-6.71635
70,2006-Mar-08 10:05:11.477,203.08858,-6.67468
71,2006-Mar-08 20:21:19.067,202.96673,-6.63306
72,2006-Mar-09 06:35:28.972,202.84491,-6.59149
73,2006-Mar-09 16:47:53.369,202.7231,-6.54996
74,2006-Mar-10 02:58:44.021,202.60133,-6.50847
75,2006-Mar-10 13:08:19.797,202.47955,-6.46702
76,2006-Mar-10 23:16:44.081,202.35779,-6.42562
77,2006-Mar-11 09:24:07.679,202.23604,-6.38426
78,2006-Mar-11 19:30:41.137,202.1143,-6.34295
79,2006-Mar-12 05:36:34.777,201.99258,-6.30168
80,2006-Mar-12 15:41:58.729,201.87087,-6.26046
81,2006-Mar-13 01:47:02.959,201.74917,-6.21929
82,2006-Mar-13 11:51:57.289,201.62748,-6.17817
83,2006-Mar-13 21:56:51.430,201.5058,-6.13709
84,2006-Mar-14 08:01:55.006,201.38414,-6.09607
85,2006-Mar-14 18:07:17.578,201.26248,-6.05509
86,2006-Mar-15 04:13:08.664,201.14084,-6.01416
87,2006-Mar-15 14:19:37.768,201.0192,-5.97328
88,2006-Mar-16 00:26:54.398,200.89758,-5.93245
89,2006-Mar-16 10:35:08.093,200.77596,-5.89167
90,2006-Mar-16 20:44:28.447,200.65435,-5.85095
91,2006-Mar-17 06:55:05.134,200.53275,-5.81028
92,2006-Mar-17 17:07:07.926,200.41116,-5.76966
93,2006-Mar-18 03:20:46.727,200.28958,-5.7291
94,2006-Mar-18 13:36:11.603,200.168,-5.6886
95,2006-Mar-18 23:53:32.800,200.04643,-5.64815
96,2006-Mar-19 10:13:00.776,199.92487,-5.60777
97,2006-Mar-19 20:34:46.233,199.80332,-5.56744
98,2006-Mar-20 06:59:00.151,199.68177,-5.52718
99,2006-Mar-20 17:25:53.820,199.56023,-5.48698
100,2006-Mar-21 03:55:38.880,199.43869,-5.44685
101,2006-Mar-21 14:28:27.372,199.31716,-5.40678
102,2006-Mar-22 01:04:31.761,199.19564,-5.36679
103,2006-Mar-22 11:44:05.006,199.07412,-5.32687
104,2006-Mar-22 22:27:20.579,198.95261,-5.28703
105,2006-Mar-23 09:14:32.553,198.8311,-5.24726
106,2006-Mar-23 20:05:55.671,198.70959,-5.20758
107,2006-Mar-24 07:01:45.403,198.58809,-5.16798
108,2006-Mar-24 18:02:18.054,198.4666,-5.12847
109,2006-Mar-25 05:07:50.813,198.3451,-5.08905
110,2006-Mar-25 16:18:41.889,198.22361,-5.04973
111,2006-Mar-26 03:35:10.575,198.10213,-5.01051
112,2006-Mar-26 14:57:37.401,197.98065,-4.97139
113,2006-Mar-27 02:26:24.218,197.85917,-4.93239
114,2006-Mar-27 14:01:54.363,197.73769,-4.8935
115,2006-Mar-28 01:44:32.758,197.61621,-4.85474
116,2006-Mar-28 13:34:46.093,197.49474,-4.8161
117,2006-Mar-29 01:33:02.936,197.37327,-4.7776
118,2006-Mar-29 13:39:53.937,197.2518,-4.73925
119,2006-Mar-30 01:55:51.967,197.13033,-4.70105
120,2006-Mar-30 14:21:32.344,197.00886,-4.66301
121,2006-Mar-31 02:57:33.021,196.88739,-4.62514
122,2006-Mar-31 15:44:34.878,196.76592,-4.58745
123,2006-Apr-01 04:43:21.973,196.64445,-4.54995
124,2006-Apr-01 17:54:41.968,196.52298,-4.51264
125,2006-Apr-02 07:19:26.477,196.4015,-4.47556
126,2006-Apr-02 20:58:31.653,196.28002,-4.43869
127,2006-Apr-03 10:52:58.727,196.15854,-4.40207
128,2006-Apr-04 01:03:54.799,196.03706,-4.3657
129,2006-Apr-04 15:32:33.740,195.91558,-4.32961
130,2006-Apr-05 06:20:17.187,195.79409,-4.29381
131,2006-Apr-05 21:28:35.918,195.6726,-4.25831
132,2006-Apr-06 12:59:11.361,195.55111,-4.22316
133,2006-Apr-07 04:53:57.596,195.42963,-4.18836
134,2006-Apr-07 21:15:03.668,195.30815,-4.15395
135,2006-Apr-08 14:04:56.698,195.18667,-4.11997
136,2006-Apr-09 07:26:25.441,195.06521,-4.08646
137,2006-Apr-10 01:22:45.335,194.94377,-4.05345
138,2006-Apr-10 19:57:44.735,194.82235,-4.02101
139,2006-Apr-11 15:15:53.252,194.70096,-3.98919
140,2006-Apr-12 11:22:32.984,194.57962,-3.95808
141,2006-Apr-13 08:24:14.053,194.45835,-3.92776
142,2006-Apr-14 06:28:56.475,194.33717,-3.89835
143,2006-Apr-15 05:46:42.039,194.21611,-3.87
144,2006-Apr-16 06:30:22.291,194.09522,-3.8429
145,2006-Apr-17 08:56:53.678,193.97458,-3.81729
146,2006-Apr-18 13:29:21.246,193.85431,-3.79353
147,2006-Apr-19 20:40:34.873,193.7346,-3.77213
148,2006-Apr-21 07:19:57.769,193.61578,-3.75387
149,2006-Apr-22 22:47:41.389,193.49851,-3.74008
150,2006-Apr-24 21:29:05.573,193.38425,-3.73325
151,2006-Apr-27 08:36:20.955,193.27708,-3.73912
152,2006-Apr-30 23:02:30.995,193.194,-3.77611
153,2006-May-07 20:04:13.481,193.2641,-3.93421
154,2006-May-10 18:41:11.304,193.37869,-4.03376
155,2006-May-12 22:07:27.229,193.4915,-4.11717
156,2006-May-14 17:16:52.259,193.6043,-4.19384
157,2006-May-16 07:27:29.515,193.71732,-4.2665
158,2006-May-17 18:12:09.211,193.83062,-4.33642
159,2006-May-19 02:23:23.226,193.94417,-4.40431
160,2006-May-20 08:34:22.973,194.05798,-4.47061
161,2006-May-21 13:07:43.248,194.17201,-4.53563
162,2006-May-22 16:19:36.683,194.28626,-4.59958
163,2006-May-23 18:22:11.000,194.40069,-4.66262
164,2006-May-24 19:24:48.935,194.5153,-4.72486
165,2006-May-25 19:34:57.545,194.63006,-4.78642
166,2006-May-26 18:58:39.988,194.74497,-4.84736
167,2006-May-27 17:40:56.721,194.86002,-4.90774
168,2006-May-28 15:46:00.067,194.97519,-4.96763
169,2006-May-29 13:17:24.491,195.09048,-5.02706
170,2006-May-30 10:18:14.076,195.20588,-5.08607
171,2006-May-31 06:51:08.116,195.32138,-5.1447
172,2006-Jun-01 02:58:25.410,195.43699,-5.20297
173,2006-Jun-01 22:42:07.649,195.55269,-5.26091
174,2006-Jun-02 18:04:02.126,195.66848,-5.31854
175,2006-Jun-03 13:05:43.932,195.78435,-5.37588
176,2006-Jun-04 07:48:37.770,195.90032,-5.43294
177,2006-Jun-05 02:13:59.435,196.01636,-5.48974
178,2006-Jun-05 20:22:57.053,196.13248,-5.5463
179,2006-Jun-06 14:16:32.112,196.24868,-5.60263
180,2006-Jun-07 07:55:40.314,196.36495,-5.65873
181,2006-Jun-08 01:21:12.299,196.48129,-5.71462
182,2006-Jun-08 18:33:54.244,196.59771,-5.77031
183,2006-Jun-09 11:34:28.365,196.71419,-5.82581
184,2006-Jun-10 04:23:33.345,196.83074,-5.88112
185,2006-Jun-10 21:01:44.687,196.94736,-5.93625
186,2006-Jun-11 13:29:35.021,197.06404,-5.99121
187,2006-Jun-12 05:47:34.364,197.18079,-6.04601
188,2006-Jun-12 21:56:10.346,197.2976,-6.10064
189,2006-Jun-13 13:55:48.419,197.41446,-6.15512
190,2006-Jun-14 05:46:52.039,197.53139,-6.20945
191,2006-Jun-14 21:29:42.848,197.64838,-6.26364
192,2006-Jun-15 13:04:40.835,197.76543,-6.31768
193,2006-Jun-16 04:32:04.500,197.88254,-6.37159
194,2006-Jun-16 19:52:11.001,197.9997,-6.42537
195,2006-Jun-17 11:05:16.299,198.11692,-6.47902
196,2006-Jun-18 02:11:35.290,198.2342,-6.53254
197,2006-Jun-18 17:11:21.924,198.35153,-6.58594
198,2006-Jun-19 08:04:49.319,198.46891,-6.63923
199,2006-Jun-19 22:52:09.855,198.58635,-6.69239
200,2006-Jun-20 13:33:35.258,198.70384,-6.74545
201,2006-Jun-21 04:09:16.681,198.82139,-6.79839
202,2006-Jun-21 18:39:24.767,198.93898,-6.85122
203,2006-Jun-22 09:04:09.700,199.05663,-6.90395
204,2006-Jun-22 23:23:41.259,199.17432,-6.95657
205,2006-Jun-23 13:38:08.852,199.29207,-7.00909
206,2006-Jun-24 03:47:41.553,199.40986,-7.06151
207,2006-Jun-24 17:52:28.123,199.52771,-7.11383
208,2006-Jun-25 07:52:37.033,199.6456,-7.16605
209,2006-Jun-25 21:48:16.481,199.76354,-7.21817
210,2006-Jun-26 11:39:34.399,199.88152,-7.2702
211,2006-Jun-27 01:26:38.467,199.99956,-7.32214
212,2006-Jun-27 15:09:36.116,200.11764,-7.37398
213,2006-Jun-28 04:48:34.534,200.23576,-7.42573
214,2006-Jun-28 18:23:40.674,200.35393,-7.47739
215,2006-Jun-29 07:55:01.254,200.47215,-7.52896
216,2006-Jun-29 21:22:42.763,200.59042,-7.58044
217,2006-Jun-30 10:46:51.469,200.70872,-7.63183
218,2006-Jul-01 00:07:33.423,200.82708,-7.68314
219,2006-Jul-01 13:24:54.463,200.94548,-7.73436
220,2006-Jul-02 02:39:00.227,201.06392,-7.7855
221,2006-Jul-02 15:49:56.155,201.18241,-7.83655
222,2006-Jul-03 04:57:47.497,201.30094,-7.88752
223,2006-Jul-03 18:02:39.326,201.41952,-7.9384
224,2006-Jul-04 07:04:36.537,201.53814,-7.98921
225,2006-Jul-04 20:03:43.863,201.65681,-8.03993
226,2006-Jul-05 09:00:05.874,201.77552,-8.09057
227,2006-Jul-05 21:53:46.988,201.89427,-8.14113
228,2006-Jul-06 10:44:51.476,202.01307,-8.19161
229,2006-Jul-06 23:33:23.462,202.13191,-8.24202
230,2006-Jul-07 12:19:26.931,202.2508,-8.29234
231,2006-Jul-08 01:03:05.728,202.36973,-8.34258
232,2006-Jul-08 13:44:23.558,202.48871,-8.39275
233,2006-Jul-09 02:23:23.990,202.60772,-8.44284
234,2006-Jul-09 15:00:10.452,202.72678,-8.49286
235,2006-Jul-10 03:34:46.226,202.84589,-8.5428
236,2006-Jul-10 16:07:14.455,202.96504,-8.59266
237,2006-Jul-11 04:37:38.134,203.08423,-8.64245
238,2006-Jul-11 17:06:00.108,203.20347,-8.69216
239,2006-Jul-12 05:32:23.079,203.32275,-8.7418
240,2006-Jul-12 17:56:49.604,203.44207,-8.79137
241,2006-Jul-13 06:19:22.098,203.56144,-8.84086
242,2006-Jul-13 18:40:02.845,203.68085,-8.89028
243,2006-Jul-14 06:58:54.003,203.80031,-8.93963
244,2006-Jul-14 19:15:57.618,203.91981,-8.98891
245,2006-Jul-15 07:31:15.632,204.03935,-9.03811
246,2006-Jul-15 19:44:49.898,204.15894,-9.08725
247,2006-Jul-16 07:56:42.192,204.27857,-9.13631
248,2006-Jul-16 20:06:54.225,204.39824,-9.18531
249,2006-Jul-17 08:15:27.655,204.51796,-9.23423
250,2006-Jul-17 20:22:24.096,204.63772,-9.28308
251,2006-Jul-18 08:27:45.129,204.75753,-9.33187
252,2006-Jul-18 20:31:32.304,204.87738,-9.38058
253,2006-Jul-19 08:33:47.155,204.99727,-9.42923
254,2006-Jul-19 20:34:31.196,205.11721,-9.4778
255,2006-Jul-20 08:33:45.933,205.23719,-9.52631
256,2006-Jul-20 20:31:32.860,205.35721,-9.57475
257,2006-Jul-21 08:27:53.467,205.47727,-9.62312
258,2006-Jul-21 20:22:49.239,205.59738,-9.67142
259,2006-Jul-22 08:16:21.654,205.71754,-9.71966
260,2006-Jul-22 20:08:32.192,205.83773,-9.76782
261,2006-Jul-23 07:59:22.325,205.95797,-9.81592
262,2006-Jul-23 19:48:53.523,206.07826,-9.86395
263,2006-Jul-24 07:37:07.254,206.19858,-9.91191
264,2006-Jul-24 19:24:04.978,206.31895,-9.95981
265,2006-Jul-25 07:09:48.149,206.43936,-10.00763
266,2006-Jul-25 18:54:18.216,206.55982,-10.05539
267,2006-Jul-26 06:37:36.616,206.68032,-10.10308
268,2006-Jul-26 18:19:44.778,206.80086,-10.1507
269,2006-Jul-27 06:00:44.118,206.92145,-10.19825
270,2006-Jul-27 17:40:36.040,207.04208,-10.24574
271,2006-Jul-28 05:19:21.933,207.16275,-10.29315
272,2006-Jul-28 16:57:03.169,207.28347,-10.3405
273,2006-Jul-29 04:33:41.107,207.40423,-10.38778
274,2006-Jul-29 16:09:17.084,207.52504,-10.43499
275,2006-Jul-30 03:43:52.424,207.64589,-10.48214
276,2006-Jul-30 15:17:28.430,207.76678,-10.52921
277,2006-Jul-31 02:50:06.384,207.88771,-10.57622
278,2006-Jul-31 14:21:47.554,208.00869,-10.62316
279,2006-Aug-01 01:52:33.185,208.12972,-10.67003
280,2006-Aug-01 13:22:24.506,208.25079,-10.71684
281,2006-Aug-02 00:51:22.723,208.3719,-10.76357
282,2006-Aug-02 12:19:29.027,208.49306,-10.81024
283,2006-Aug-02 23:46:44.587,208.61426,-10.85683
284,2006-Aug-03 11:13:10.555,208.7355,-10.90336
285,2006-Aug-03 22:38:48.061,208.85679,-10.94982
286,2006-Aug-04 10:03:38.216,208.97813,-10.99622
287,2006-Aug-04 21:27:42.107,209.09951,-11.04254
288,2006-Aug-05 08:51:00.800,209.22093,-11.08879
289,2006-Aug-05 20:13:35.336,209.3424,-11.13498
290,2006-Aug-06 07:35:26.726,209.46391,-11.1811
291,2006-Aug-06 18:56:35.954,209.58547,-11.22714
292,2006-Aug-07 06:17:03.969,209.70707,-11.27312
293,2006-Aug-07 17:36:51.684,209.82872,-11.31903
294,2006-Aug-08 04:55:59.974,209.95042,-11.36487
295,2006-Aug-08 16:14:29.670,210.07215,-11.41065
296,2006-Aug-09 03:32:21.559,210.19394,-11.45635
297,2006-Aug-09 14:49:36.381,210.31577,-11.50199
298,2006-Aug-10 02:06:14.831,210.43764,-11.54755
299,2006-Aug-10 13:22:17.555,210.55956,-11.59305
300,2006-Aug-11 00:37:45.157,210.68153,-11.63848
301,2006-Aug-11 11:52:38.198,210.80354,-11.68384
302,2006-Aug-11 23:06:57.202,210.9256,-11.72913
303,2006-Aug-12 10:20:42.662,211.0477,-11.77436
304,2006-Aug-12 21:33:55.044,211.16985,-11.81951
305,2006-Aug-13 08:46:34.795,211.29204,-11.8646
306,2006-Aug-13 19:58:42.346,211.41428,-11.90961
307,2006-Aug-14 07:10:18.119,211.53657,-11.95456
308,2006-Aug-14 18:21:22.533,211.6589,-11.99944
309,2006-Aug-15 05:31:56.006,211.78128,-12.04425
310,2006-Aug-15 16:41:58.960,211.90371,-12.08899
311,2006-Aug-16 03:51:31.822,212.02618,-12.13367
312,2006-Aug-16 15:00:35.028,212.1487,-12.17827
313,2006-Aug-17 02:09:09.024,212.27126,-12.2228
314,2006-Aug-17 13:17:14.264,212.39387,-12.26727
315,2006-Aug-18 00:24:51.216,212.51653,-12.31166
316,2006-Aug-18 11:32:00.357,212.63923,-12.35599
317,2006-Aug-18 22:38:42.175,212.76198,-12.40024
318,2006-Aug-19 09:44:57.169,212.88477,-12.44443
319,2006-Aug-19 20:50:45.849,213.00762,-12.48854
320,2006-Aug-20 07:56:08.734,213.1305,-12.53259
321,2006-Aug-20 19:01:06.353,213.25344,-12.57656
322,2006-Aug-21 06:05:39.243,213.37642,-12.62047
323,2006-Aug-21 17:09:47.949,213.49945,-12.6643
324,2006-Aug-22 04:13:33.026,213.62252,-12.70807
325,2006-Aug-22 15:16:55.034,213.74564,-12.75176
326,2006-Aug-23 02:19:54.540,213.86881,-12.79538
327,2006-Aug-23 13:22:32.117,213.99203,-12.83893
328,2006-Aug-24 00:24:48.341,214.11529,-12.8824
329,2006-Aug-24 11:26:43.795,214.2386,-12.92581
330,2006-Aug-24 22:28:19.065,214.36195,-12.96914
331,2006-Aug-25 09:29:34.738,214.48536,-13.01241
332,2006-Aug-25 20:30:31.406,214.60881,-13.0556
333,2006-Aug-26 07:31:09.661,214.73231,-13.09871
334,2006-Aug-26 18:31:30.097,214.85585,-13.14176
335,2006-Aug-27 05:31:33.306,214.97944,-13.18473
336,2006-Aug-27 16:31:19.883,215.10308,-13.22763
337,2006-Aug-28 03:30:50.420,215.22677,-13.27045
338,2006-Aug-28 14:30:05.508,215.3505,-13.31321
339,2006-Aug-29 01:29:05.740,215.47429,-13.35589
340,2006-Aug-29 12:27:51.701,215.59812,-13.39849
341,2006-Aug-29 23:26:23.979,215.72199,-13.44102
342,2006-Aug-30 10:24:43.158,215.84592,-13.48348
343,2006-Aug-30 21:22:49.816,215.96989,-13.52586
344,2006-Aug-31 08:20:44.533,216.09391,-13.56817
345,2006-Aug-31 19:18:27.879,216.21798,-13.61041
346,2006-Sep-01 06:16:00.424,216.3421,-13.65257
347,2006-Sep-01 17:13:22.731,216.46627,-13.69465
348,2006-Sep-02 04:10:35.356,216.59048,-13.73666
349,2006-Sep-02 15:07:38.848,216.71474,-13.7786
350,2006-Sep-03 02:04:33.747,216.83905,-13.82046
351,2006-Sep-03 13:01:20.580,216.96341,-13.86224
352,2006-Sep-03 23:57:59.865,217.08782,-13.90395
353,2006-Sep-04 10:54:32.102,217.21227,-13.94559
354,2006-Sep-04 21:50:57.774,217.33677,-13.98715
355,2006-Sep-05 08:47:17.344,217.46133,-14.02863
356,2006-Sep-05 19:43:31.252,217.58593,-14.07003
357,2006-Sep-06 06:39:39.915,217.71058,-14.11136
358,2006-Sep-06 17:35:43.721,217.83528,-14.15262
359,2006-Sep-07 04:31:43.033,217.96002,-14.1938
360,2006-Sep-07 15:27:38.184,218.08482,-14.2349
361,2006-Sep-08 02:23:29.481,218.20966,-14.27592
362,2006-Sep-08 13:19:17.204,218.33456,-14.31687
363,2006-Sep-09 00:15:01.610,218.4595,-14.35774
364,2006-Sep-09 11:10:42.938,218.58449,-14.39854
365,2006-Sep-09 22:06:21.409,218.70954,-14.43926
366,2006-Sep-10 09:01:57.233,218.83463,-14.4799
367,2006-Sep-10 19:57:30.614,218.95977,-14.52046
368,2006-Sep-11 06:53:01.752,219.08496,-14.56095
369,2006-Sep-11 17:48:30.850,219.21019,-14.60136
370,2006-Sep-12 04:43:58.114,219.33548,-14.64169
371,2006-Sep-12 15:39:23.760,219.46082,-14.68195
372,2006-Sep-13 02:34:48.012,219.58621,-14.72212
373,2006-Sep-13 13:30:11.105,219.71164,-14.76222
374,2006-Sep-14 00:25:33.289,219.83713,-14.80225
375,2006-Sep-14 11:20:54.826,219.96266,-14.84219
376,2006-Sep-14 22:16:15.991,220.08825,-14.88205
377,2006-Sep-15 09:11:37.072,220.21388,-14.92184
378,2006-Sep-15 20:06:58.372,220.33956,-14.96154
379,2006-Sep-16 07:02:20.205,220.4653,-15.00117
380,2006-Sep-16 17:57:42.896,220.59108,-15.04072
381,2006-Sep-17 04:53:06.786,220.71691,-15.08019
382,2006-Sep-17 15:48:32.223,220.84279,-15.11958
383,2006-Sep-18 02:43:59.567,220.96872,-15.15889
384,2006-Sep-18 13:39:29.188,221.0947,-15.19812
385,2006-Sep-19 00:35:01.468,221.22073,-15.23727
386,2006-Sep-19 11:30:36.796,221.34681,-15.27634
387,2006-Sep-19 22:26:15.569,221.47294,-15.31532
388,2006-Sep-20 09:21:58.197,221.59912,-15.35423
389,2006-Sep-20 20:17:45.095,221.72534,-15.39306
390,2006-Sep-21 07:13:36.686,221.85162,-15.4318
391,2006-Sep-21 18:09:33.402,221.97795,-15.47046
392,2006-Sep-22 05:05:35.682,222.10433,-15.50904
393,2006-Sep-22 16:01:43.973,222.23075,-15.54754
394,2006-Sep-23 02:57:58.727,222.35723,-15.58596
395,2006-Sep-23 13:54:20.402,222.48376,-15.62429
396,2006-Sep-24 00:50:49.463,222.61034,-15.66254
397,2006-Sep-24 11:47:26.382,222.73696,-15.70071
398,2006-Sep-24 22:44:11.631,222.86364,-15.7388
399,2006-Sep-25 09:41:05.692,222.99036,-15.7768
400,2006-Sep-25 20:38:09.047,223.11714,-15.81472
401,2006-Sep-26 07:35:22.184,223.24397,-15.85255
402,2006-Sep-26 18:32:45.594,223.37084,-15.8903
403,2006-Sep-27 05:30:19.768,223.49777,-15.92797
404,2006-Sep-27 16:28:05.202,223.62475,-15.96555
405,2006-Sep-28 03:26:02.393,223.75177,-16.00305
406,2006-Sep-28 14:24:11.838,223.87885,-16.04046
407,2006-Sep-29 01:22:34.035,224.00598,-16.07779
408,2006-Sep-29 12:21:09.481,224.13315,-16.11503
409,2006-Sep-29 23:19:58.673,224.26038,-16.15219
410,2006-Sep-30 10:19:02.104,224.38766,-16.18926
411,2006-Sep-30 21:18:20.265,224.51498,-16.22625
412,2006-Oct-01 08:17:53.642,224.64236,-16.26315
413,2006-Oct-01 19:17:42.715,224.76979,-16.29996
414,2006-Oct-02 06:17:47.955,224.89726,-16.33669
415,2006-Oct-02 17:18:09.824,225.02479,-16.37333
416,2006-Oct-03 04:18:48.772,225.15237,-16.40989
417,2006-Oct-03 15:19:45.235,225.28,-16.44635
418,2006-Oct-04 02:20:59.633,225.40767,-16.48274
419,2006-Oct-04 13:22:32.367,225.5354,-16.51903
420,2006-Oct-05 00:24:23.821,225.66318,-16.55524
421,2006-Oct-05 11:26:34.355,225.79101,-16.59136
422,2006-Oct-05 22:29:04.310,225.91889,-16.62739
423,2006-Oct-06 09:31:54.006,226.04682,-16.66334
424,2006-Oct-06 20:35:03.744,226.1748,-16.6992
425,2006-Oct-07 07:38:33.806,226.30283,-16.73497
426,2006-Oct-07 18:42:24.462,226.43091,-16.77065
427,2006-Oct-08 05:46:35.969,226.55904,-16.80625
428,2006-Oct-08 16:51:08.579,226.68722,-16.84176
429,2006-Oct-09 03:56:02.540,226.81545,-16.87718
430,2006-Oct-09 15:01:18.104,226.94373,-16.91251
431,2006-Oct-10 02:06:55.527,227.07207,-16.94775
432,2006-Oct-10 13:12:55.074,227.20045,-16.9829
433,2006-Oct-11 00:19:17.022,227.32888,-17.01797
434,2006-Oct-11 11:26:01.663,227.45736,-17.05294
435,2006-Oct-11 22:33:09.302,227.5859,-17.08783
436,2006-Oct-12 09:40:40.264,227.71448,-17.12263
437,2006-Oct-12 20:48:34.888,227.84311,-17.15733
438,2006-Oct-13 07:56:53.530,227.97179,-17.19195
439,2006-Oct-13 19:05:36.566,228.10053,-17.22648
440,2006-Oct-14 06:14:44.385,228.22931,-17.26091
441,2006-Oct-14 17:24:17.393,228.35814,-17.29526
442,2006-Oct-15 04:34:16.013,228.48702,-17.32952
443,2006-Oct-15 15:44:40.680,228.61596,-17.36368
444,2006-Oct-16 02:55:31.845,228.74494,-17.39775
445,2006-Oct-16 14:06:49.974,228.87397,-17.43173
446,2006-Oct-17 01:18:35.543,229.00305,-17.46562
447,2006-Oct-17 12:30:49.046,229.13218,-17.49942
448,2006-Oct-17 23:43:30.985,229.26136,-17.53313
449,2006-Oct-18 10:56:41.878,229.39059,-17.56674
450,2006-Oct-18 22:10:22.255,229.51987,-17.60026
451,2006-Oct-19 09:24:32.657,229.6492,-17.63369
452,2006-Oct-19 20:39:13.640,229.77858,-17.66702
453,2006-Oct-20 07:54:25.771,229.90801,-17.70027
454,2006-Oct-20 19:10:09.628,230.03749,-17.73341
455,2006-Oct-21 06:26:25.803,230.16702,-17.76647
456,2006-Oct-21 17:43:14.900,230.2966,-17.79943
457,2006-Oct-22 05:00:37.534,230.42622,-17.83229
458,2006-Oct-22 16:18:34.331,230.5559,-17.86506
459,2006-Oct-23 03:37:05.930,230.68562,-17.89774
460,2006-Oct-23 14:56:12.980,230.8154,-17.93032
461,2006-Oct-24 02:15:56.139,230.94522,-17.96281
462,2006-Oct-24 13:36:16.076,231.07509,-17.9952
463,2006-Oct-25 00:57:13.470,231.20502,-18.0275
464,2006-Oct-25 12:18:49.005,231.33499,-18.0597
465,2006-Oct-25 23:41:03.377,231.46501,-18.0918
466,2006-Oct-26 11:03:57.285,231.59508,-18.12381
467,2006-Oct-26 22:27:31.436,231.72519,-18.15572
468,2006-Oct-27 09:51:46.542,231.85536,-18.18753
469,2006-Oct-27 21:16:43.316,231.98557,-18.21925
470,2006-Oct-28 08:42:22.477,232.11584,-18.25087
471,2006-Oct-28 20:08:44.744,232.24615,-18.2824
472,2006-Oct-29 07:35:50.835,232.37651,-18.31382
473,2006-Oct-29 19:03:41.468,232.50692,-18.34515
474,2006-Oct-30 06:32:17.357,232.63738,-18.37639
475,2006-Oct-30 18:01:39.209,232.76789,-18.40752
476,2006-Oct-31 05:31:47.727,232.89844,-18.43856
477,2006-Oct-31 17:02:43.604,233.02905,-18.46949
478,2006-Nov-01 04:34:27.520,233.1597,-18.50033
479,2006-Nov-01 16:07:00.146,233.2904,-18.53107
480,2006-Nov-02 03:40:22.135,233.42115,-18.56172
481,2006-Nov-02 15:14:34.129,233.55195,-18.59226
482,2006-Nov-03 02:49:36.750,233.68279,-18.62271
483,2006-Nov-03 14:25:30.607,233.81369,-18.65305
484,2006-Nov-04 02:02:16.295,233.94463,-18.6833
485,2006-Nov-04 13:39:54.397,234.07562,-18.71345
486,2006-Nov-05 01:18:25.485,234.20666,-18.7435
487,2006-Nov-05 12:57:50.130,234.33774,-18.77345
488,2006-Nov-06 00:38:08.898,234.46888,-18.8033
489,2006-Nov-06 12:19:22.363,234.60006,-18.83305
490,2006-Nov-07 00:01:31.105,234.73129,-18.8627
491,2006-Nov-07 11:44:35.719,234.86256,-18.89225
492,2006-Nov-07 23:28:36.818,234.99389,-18.9217
493,2006-Nov-08 11:13:35.036,235.12526,-18.95105
494,2006-Nov-08 22:59:31.031,235.25668,-18.9803
495,2006-Nov-09 10:46:25.488,235.38814,-19.00945
496,2006-Nov-09 22:34:19.119,235.51966,-19.03849
497,2006-Nov-10 10:23:12.665,235.65122,-19.06744
498,2006-Nov-10 22:13:06.895,235.78282,-19.09628
499,2006-Nov-11 10:04:02.606,235.91448,-19.12502
500,2006-Nov-11 21:56:00.625,236.04618,-19.15366
501,2006-Nov-12 09:49:01.806,236.17792,-19.1822
502,2006-Nov-12 21:43:07.030,236.30972,-19.21063
503,2006-Nov-13 09:38:17.206,236.44155,-19.23897
504,2006-Nov-13 21:34:33.269,236.57344,-19.26719
505,2006-Nov-14 09:31:56.180,236.70537,-19.29532
506,2006-Nov-14 21:30:26.929,236.83735,-19.32334
507,2006-Nov-15 09:30:06.529,236.96937,-19.35126
508,2006-Nov-15 21:30:56.022,237.10144,-19.37908
509,2006-Nov-16 09:32:56.476,237.23356,-19.40679
510,2006-Nov-16 21:36:08.986,237.36572,-19.43439
511,2006-Nov-17 09:40:34.677,237.49792,-19.46189
512,2006-Nov-17 21:46:14.701,237.63018,-19.48929
513,2006-Nov-18 09:53:10.239,237.76247,-19.51658
514,2006-Nov-18 22:01:22.500,237.89481,-19.54376
515,2006-Nov-19 10:10:52.726,238.0272,-19.57084
516,2006-Nov-19 22:21:42.187,238.15963,-19.59782
517,2006-Nov-20 10:33:52.183,238.29211,-19.62468
518,2006-Nov-20 22:47:24.046,238.42463,-19.65145
519,2006-Nov-21 11:02:19.135,238.55719,-19.6781
520,2006-Nov-21 23:18:38.841,238.6898,-19.70465
521,2006-Nov-22 11:36:24.583,238.82246,-19.73109
522,2006-Nov-22 23:55:37.804,238.95515,-19.75742
523,2006-Nov-23 12:16:19.973,239.0879,-19.78365
524,2006-Nov-24 00:38:32.564,239.22068,-19.80977
525,2006-Nov-24 13:02:17.076,239.35351,-19.83578
526,2006-Nov-25 01:27:35.077,239.48638,-19.86168
527,2006-Nov-25 13:54:28.133,239.6193,-19.88747
528,2006-Nov-26 02:22:57.818,239.75226,-19.91316
529,2006-Nov-26 14:53:05.719,239.88526,-19.93874
530,2006-Nov-27 03:24:53.433,240.01831,-19.9642
531,2006-Nov-27 15:58:22.570,240.1514,-19.98956
532,2006-Nov-28 04:33:34.747,240.28453,-20.01482
533,2006-Nov-28 17:10:31.588,240.4177,-20.03996
534,2006-Nov-29 05:49:14.721,240.55092,-20.06499
535,2006-Nov-29 18:29:45.779,240.68418,-20.08991
536,2006-Nov-30 07:12:06.394,240.81748,-20.11472
537,2006-Nov-30 19:56:18.203,240.95082,-20.13943
538,2006-Dec-01 08:42:22.845,241.08421,-20.16402
539,2006-Dec-01 21:30:21.962,241.21763,-20.18851
540,2006-Dec-02 10:20:17.204,241.3511,-20.21288
541,2006-Dec-02 23:12:10.232,241.48462,-20.23714
542,2006-Dec-03 12:06:02.720,241.61817,-20.2613
543,2006-Dec-04 01:01:56.369,241.75176,-20.28534
544,2006-Dec-04 13:59:52.906,241.8854,-20.30927
545,2006-Dec-05 02:59:54.097,242.01908,-20.33309
546,2006-Dec-05 16:02:01.751,242.15279,-20.3568
547,2006-Dec-06 05:06:17.732,242.28655,-20.3804
548,2006-Dec-06 18:12:43.963,242.42035,-20.40389
549,2006-Dec-07 07:21:22.433,242.55419,-20.42726
550,2006-Dec-07 20:32:15.202,242.68807,-20.45052
551,2006-Dec-08 09:45:24.407,242.82199,-20.47367
552,2006-Dec-08 23:00:52.262,242.95595,-20.49671
553,2006-Dec-09 12:18:41.063,243.08994,-20.51964
554,2006-Dec-10 01:38:53.190,243.22398,-20.54245
555,2006-Dec-10 15:01:31.107,243.35806,-20.56515
556,2006-Dec-11 04:26:37.363,243.49217,-20.58773
557,2006-Dec-11 17:54:14.594,243.62633,-20.6102
558,2006-Dec-12 07:24:25.528,243.76052,-20.63256
559,2006-Dec-12 20:57:12.980,243.89475,-20.6548
560,2006-Dec-13 10:32:39.858,244.02902,-20.67692
561,2006-Dec-14 00:10:49.167,244.16332,-20.69894
562,2006-Dec-14 13:51:44.009,244.29766,-20.72083
563,2006-Dec-15 03:35:27.588,244.43204,-20.74261
564,2006-Dec-15 17:22:03.213,244.56646,-20.76428
565,2006-Dec-16 07:11:34.303,244.70092,-20.78582
566,2006-Dec-16 21:04:04.393,244.83541,-20.80726
567,2006-Dec-17 10:59:37.134,244.96993,-20.82857
568,2006-Dec-18 00:58:16.302,245.1045,-20.84977
569,2006-Dec-18 15:00:05.801,245.23909,-20.87085
570,2006-Dec-19 05:05:09.666,245.37373,-20.89181
571,2006-Dec-19 19:13:32.068,245.5084,-20.91265
572,2006-Dec-20 09:25:17.313,245.6431,-20.93338
573,2006-Dec-20 23:40:29.847,245.77784,-20.95398
574,2006-Dec-21 13:59:14.256,245.91261,-20.97447
575,2006-Dec-22 04:21:35.261,246.04741,-20.99484
576,2006-Dec-22 18:47:37.722,246.18225,-21.01509
577,2006-Dec-23 09:17:26.632,246.31713,-21.03522
578,2006-Dec-23 23:51:07.116,246.45203,-21.05523
579,2006-Dec-24 14:28:44.427,246.58697,-21.07512
580,2006-Dec-25 05:10:23.946,246.72195,-21.09489
581,2006-Dec-25 19:56:11.180,246.85695,-21.11454
582,2006-Dec-26 10:46:11.762,246.99199,-21.13407
583,2006-Dec-27 01:40:31.454,247.12706,-21.15347
584,2006-Dec-27 16:39:16.152,247.26216,-21.17276
585,2006-Dec-28 07:42:31.887,247.39729,-21.19193
586,2006-Dec-28 22:50:24.843,247.53245,-21.21097
587,2006-Dec-29 14:03:01.358,247.66765,-21.22989
588,2006-Dec-30 05:20:27.943,247.80287,-21.2487
589,2006-Dec-30 20:42:51.300,247.93812,-21.26737
590,2006-Dec-31 12:10:18.338,248.07341,-21.28593
591,2007-Jan-01 03:42:56.198,248.20879,-21.30435
592,2007-Jan-01 19:20:52.148,248.34413,-21.32266
593,2007-Jan-02 11:04:14.005,248.4795,-21.34085
594,2007-Jan-03 02:53:09.774,248.6149,-21.35892
595,2007-Jan-03 18:47:47.811,248.75033,-21.37686
596,2007-Jan-04 10:48:16.857,248.88578,-21.39467
597,2007-Jan-05 02:54:46.070,249.02126,-21.41236
598,2007-Jan-05 19:07:25.059,249.15677,-21.42993
599,2007-Jan-06 11:26:23.912,249.29231,-21.44737
600,2007-Jan-07 03:51:53.233,249.42786,-21.46468
601,2007-Jan-07 20:24:04.171,249.56345,-21.48187
602,2007-Jan-08 13:03:08.453,249.69905,-21.49893
603,2007-Jan-09 05:49:18.418,249.83468,-21.51586
604,2007-Jan-09 22:42:47.054,249.97034,-21.53267
605,2007-Jan-10 15:43:48.036,250.10601,-21.54934
606,2007-Jan-11 08:52:35.783,250.24171,-21.56589
607,2007-Jan-12 02:09:25.495,250.37742,-21.5823
608,2007-Jan-12 19:34:33.218,250.51316,-21.59858
609,2007-Jan-13 13:08:15.906,250.64891,-21.61473
610,2007-Jan-14 06:50:51.488,250.78469,-21.63075
611,2007-Jan-15 00:42:38.955,250.92048,-21.64664
612,2007-Jan-15 18:43:58.437,251.05628,-21.66239
613,2007-Jan-16 12:55:11.299,251.1921,-21.678
614,2007-Jan-17 07:16:40.241,251.32794,-21.69349
615,2007-Jan-18 01:48:49.389,251.46379,-21.70883
616,2007-Jan-18 20:32:04.401,251.59964,-21.72404
617,2007-Jan-19 15:26:52.562,251.73551,-21.73911
0,2007-Jan-20 00:00:00.000,251.79649,-21.74582
1,2007-Jan-20 19:12:24.298,251.93237,-21.76069
2,2007-Jan-21 14:37:36.053,252.06826,-21.77542
3,2007-Jan-22 10:16:08.948,252.20416,-21.79001
4,2007-Jan-23 06:08:38.797,252.34006,-21.80446
5,2007-Jan-24 02:15:43.725,252.47596,-21.81876
6,2007-Jan-24 22:38:04.381,252.61187,-21.83293
7,2007-Jan-25 19:16:24.217,252.74777,-21.84694
8,2007-Jan-26 16:11:29.829,252.88368,-21.86082
9,2007-Jan-27 13:24:11.351,253.01957,-21.87455
10,2007-Jan-28 10:55:22.931,253.15547,-21.88812
11,2007-Jan-29 08:46:03.294,253.29135,-21.90156
12,2007-Jan-30 06:57:16.392,253.42722,-21.91484
13,2007-Jan-31 05:30:12.170,253.56307,-21.92796
14,2007-Feb-01 04:26:07.477,253.69891,-21.94093
15,2007-Feb-02 03:46:27.118,253.83472,-21.95375
16,2007-Feb-03 03:32:45.130,253.9705,-21.9664
17,2007-Feb-04 03:46:46.261,254.10625,-21.97889
18,2007-Feb-05 04:30:27.768,254.24196,-21.99121
19,2007-Feb-06 05:46:01.553,254.37761,-22.00335
20,2007-Feb-07 07:35:56.824,254.51321,-22.01533
21,2007-Feb-08 10:03:03.342,254.64875,-22.02712
22,2007-Feb-09 13:10:35.533,254.7842,-22.03872
23,2007-Feb-10 17:02:17.765,254.91956,-22.05013
24,2007-Feb-11 21:42:31.173,255.05481,-22.06133
25,2007-Feb-13 03:16:22.684,255.18994,-22.07232
26,2007-Feb-14 09:49:57.096,255.3249,-22.08309
27,2007-Feb-15 17:30:33.494,255.45969,-22.09362
28,2007-Feb-17 02:27:07.943,255.59424,-22.1039
29,2007-Feb-18 12:50:45.544,255.72852,-22.1139
30,2007-Feb-20 00:55:27.159,255.86245,-22.1236
31,2007-Feb-21 14:59:21.002,255.99595,-22.13295
32,2007-Feb-23 07:26:37.458,256.12889,-22.14189
33,2007-Feb-25 02:50:27.895,256.26114,-22.15027
34,2007-Feb-27 01:54:12.368,256.39363,-22.15769
35,2007-Mar-01 04:02:54.939,256.54312,-22.16292
36,2007-Mar-02 21:32:33.932,256.68453,-22.16612
37,2007-Mar-04 13:59:37.676,256.81971,-22.1686
38,2007-Mar-06 08:19:23.606,256.95335,-22.17039
39,2007-Mar-08 05:32:58.634,257.08592,-22.17131
40,2007-Mar-10 06:39:31.868,257.21727,-22.17113
41,2007-Mar-12 13:00:46.452,257.34695,-22.16951
42,2007-Mar-15 02:48:59.745,257.47399,-22.16587
43,2007-Mar-18 04:12:05.132,257.5963,-22.1591
44,2007-Mar-22 02:45:55.979,257.70787,-22.14661
45,2007-Mar-28 08:36:06.776,257.77896,-22.1185
46,2007-Apr-21 01:33:48.543,256.92933,-21.92615
47,2007-Apr-22 23:59:19.957,256.78866,-21.90486
48,2007-Apr-24 19:24:29.275,256.64867,-21.88425
49,2007-Apr-26 12:26:22.289,256.50919,-21.86416
50,2007-Apr-28 03:31:09.284,256.37011,-21.84448
51,2007-Apr-29 16:58:09.236,256.23135,-21.82513
52,2007-May-01 05:02:08.072,256.09287,-21.80605
53,2007-May-02 15:54:42.111,255.95462,-21.7872
54,2007-May-04 01:45:11.331,255.81657,-21.76853
55,2007-May-05 10:41:14.882,255.67869,-21.75003
56,2007-May-06 18:49:15.695,255.54098,-21.73165
57,2007-May-08 02:14:37.971,255.4034,-21.71338
58,2007-May-09 09:01:59.978,255.26596,-21.69521
59,2007-May-10 15:15:23.629,255.12864,-21.67712
60,2007-May-11 20:58:21.855,254.99144,-21.65909
61,2007-May-13 02:14:04.356,254.85434,-21.64113
62,2007-May-14 07:05:22.192,254.71735,-21.6232
63,2007-May-15 11:34:51.330,254.58045,-21.60532
64,2007-May-16 15:44:55.242,254.44365,-21.58747
65,2007-May-17 19:37:46.630,254.30695,-21.56965
66,2007-May-18 23:15:28.427,254.17033,-21.55184
67,2007-May-20 02:39:54.506,254.0338,-21.53405
68,2007-May-21 05:52:50.367,253.89735,-21.51627
69,2007-May-22 08:55:53.976,253.76098,-21.49849
70,2007-May-23 11:50:36.753,253.62469,-21.4807
71,2007-May-24 14:38:24.616,253.48848,-21.46291
72,2007-May-25 17:20:38.927,253.35234,-21.44511
73,2007-May-26 19:58:37.360,253.21627,-21.42729
74,2007-May-27 22:33:34.641,253.08028,-21.40946
75,2007-May-29 01:06:43.179,252.94435,-21.39161
76,2007-May-30 03:39:13.633,252.8085,-21.37374
77,2007-May-31 06:12:15.432,252.67272,-21.35584
78,2007-Jun-01 08:46:57.270,252.537,-21.33792
79,2007-Jun-02 11:24:27.628,252.40136,-21.31998
80,2007-Jun-03 14:05:55.327,252.26579,-21.302
81,2007-Jun-04 16:52:30.122,252.13029,-21.284
82,2007-Jun-05 19:45:23.355,251.99486,-21.26597
83,2007-Jun-06 22:45:48.688,251.8595,-21.24791
84,2007-Jun-08 01:55:02.885,251.72423,-21.22983
85,2007-Jun-09 05:14:26.696,251.58902,-21.21171
86,2007-Jun-10 08:45:25.811,251.4539,-21.19357
87,2007-Jun-11 12:29:31.891,251.31886,-21.17541
88,2007-Jun-12 16:28:23.632,251.18391,-21.15722
89,2007-Jun-13 20:43:47.766,251.04905,-21.139
90,2007-Jun-15 01:17:39.933,250.91429,-21.12077
91,2007-Jun-16 06:12:05.425,250.77962,-21.10251
92,2007-Jun-17 11:29:19.936,250.64506,-21.08424
93,2007-Jun-18 17:11:50.575,250.5106,-21.06594
94,2007-Jun-19 23:22:17.406,250.37626,-21.04763
95,2007-Jun-21 06:03:35.674,250.24203,-21.0293
96,2007-Jun-22 13:18:58.800,250.10792,-21.01096
97,2007-Jun-23 21:12:02.160,249.97395,-20.9926
98,2007-Jun-25 05:46:47.741,249.84012,-20.97424
99,2007-Jun-26 15:07:49.920,249.70644,-20.95588
100,2007-Jun-28 01:20:22.703,249.57293,-20.93751
101,2007-Jun-29 12:30:29.054,249.43961,-20.91916
102,2007-Jul-01 00:45:13.295,249.30648,-20.90082
103,2007-Jul-02 14:12:58.136,249.17359,-20.8825
104,2007-Jul-04 05:03:48.712,249.04097,-20.86423
105,2007-Jul-05 21:30:07.307,248.90865,-20.84601
106,2007-Jul-07 15:47:24.394,248.77671,-20.82787
107,2007-Jul-09 12:15:35.247,248.64521,-20.80984
108,2007-Jul-11 11:20:58.316,248.51429,-20.79195
109,2007-Jul-13 13:39:25.392,248.38409,-20.77427
110,2007-Jul-15 20:01:43.640,248.25486,-20.75685
111,2007-Jul-18 07:43:25.401,248.12698,-20.73981
112,2007-Jul-21 02:44:56.220,248.00112,-20.72332
113,2007-Jul-24 08:39:23.450,247.87865,-20.70772
114,2007-Jul-28 08:52:36.989,247.7629,-20.6938
115,2007-Aug-03 00:36:28.489,247.66629,-20.68422
116,2007-Aug-16 08:46:55.469,247.74412,-20.70748
117,2007-Aug-22 13:04:10.295,247.92177,-20.73886
118,2007-Aug-26 07:23:00.914,248.07172,-20.76376
119,2007-Aug-29 08:55:26.734,248.21628,-20.78705
120,2007-Sep-01 01:04:28.949,248.35838,-20.80945
121,2007-Sep-03 10:56:48.272,248.49907,-20.83125
122,2007-Sep-05 16:13:00.839,248.63884,-20.85258
123,2007-Sep-07 17:55:18.099,248.77797,-20.87353
124,2007-Sep-09 16:45:37.407,248.91661,-20.89415
125,2007-Sep-11 13:13:59.493,249.05489,-20.91447
126,2007-Sep-13 07:42:47.246,249.19288,-20.93452
127,2007-Sep-15 00:29:13.755,249.33065,-20.95432
128,2007-Sep-16 15:46:53.285,249.46822,-20.97388
129,2007-Sep-18 05:46:40.450,249.60564,-20.99322
130,2007-Sep-19 18:37:30.417,249.74294,-21.01234
131,2007-Sep-21 06:26:47.126,249.88014,-21.03126
132,2007-Sep-22 17:20:43.462,250.01724,-21.04999
133,2007-Sep-24 03:24:35.843,250.15428,-21.06853
134,2007-Sep-25 12:42:54.853,250.29126,-21.08689
135,2007-Sep-26 21:19:33.078,250.42818,-21.10507
136,2007-Sep-28 05:18:02.129,250.56507,-21.12307
137,2007-Sep-29 12:41:04.444,250.70194,-21.14091
138,2007-Sep-30 19:31:12.316,250.83877,-21.15858
139,2007-Oct-02 01:50:40.542,250.97559,-21.17609
140,2007-Oct-03 07:41:29.988,251.1124,-21.19345
141,2007-Oct-04 13:05:30.238,251.24919,-21.21064
142,2007-Oct-05 18:04:21.400,251.38597,-21.22768
143,2007-Oct-06 22:39:35.406,251.52275,-21.24456
144,2007-Oct-08 02:52:36.983,251.65952,-21.26128
145,2007-Oct-09 06:44:44.410,251.79629,-21.27786
146,2007-Oct-10 10:17:10.161,251.93305,-21.29427
147,2007-Oct-11 13:31:01.470,252.06982,-21.31054
148,2007-Oct-12 16:27:20.800,252.20659,-21.32665
149,2007-Oct-13 19:07:06.278,252.34336,-21.34262
150,2007-Oct-14 21:31:12.047,252.48014,-21.35843
151,2007-Oct-15 23:40:28.615,252.61692,-21.3741
152,2007-Oct-17 01:35:43.150,252.7537,-21.38961
153,2007-Oct-18 03:17:39.759,252.8905,-21.40498
154,2007-Oct-19 04:46:59.734,253.0273,-21.4202
155,2007-Oct-20 06:04:21.767,253.16412,-21.43528
156,2007-Oct-21 07:10:22.125,253.30094,-21.45021
157,2007-Oct-22 08:05:34.781,253.43777,-21.46499
158,2007-Oct-23 08:50:31.494,253.57462,-21.47963
159,2007-Oct-24 09:25:41.857,253.71148,-21.49413
160,2007-Oct-25 09:51:33.340,253.84835,-21.50848
161,2007-Oct-26 10:08:31.363,253.98524,-21.52269
162,2007-Oct-27 10:16:59.457,254.12214,-21.53677
163,2007-Oct-28 10:17:19.515,254.25906,-21.5507
164,2007-Oct-29 10:09:52.124,254.39599,-21.56449
165,2007-Oct-30 09:54:56.895,254.53294,-21.57813
166,2007-Oct-31 09:32:52.734,254.6699,-21.59164
167,2007-Nov-01 09:03:58.035,254.80688,-21.60501
168,2007-Nov-02 08:28:30.779,254.94388,-21.61824
169,2007-Nov-03 07:46:48.572,255.08089,-21.63132
170,2007-Nov-04 06:59:08.661,255.21792,-21.64427
171,2007-Nov-05 06:05:47.925,255.35496,-21.65707
172,2007-Nov-06 05:07:02.876,255.49201,-21.66973
173,2007-Nov-07 04:03:09.660,255.62909,-21.68226
174,2007-Nov-08 02:54:24.059,255.76617,-21.69464
175,2007-Nov-09 01:41:01.506,255.90327,-21.70687
176,2007-Nov-10 00:23:17.088,256.04039,-21.71897
177,2007-Nov-10 23:01:25.556,256.17752,-21.73092
178,2007-Nov-11 21:35:41.332,256.31466,-21.74274
179,2007-Nov-12 20:06:18.510,256.45182,-21.75441
180,2007-Nov-13 18:33:30.863,256.58899,-21.76594
181,2007-Nov-14 16:57:31.843,256.72618,-21.77733
182,2007-Nov-15 15:18:34.580,256.86337,-21.78857
183,2007-Nov-16 13:36:51.886,257.00059,-21.79968
184,2007-Nov-17 11:52:36.243,257.13781,-21.81064
185,2007-Nov-18 10:05:59.799,257.27506,-21.82146
186,2007-Nov-19 08:17:14.350,257.41231,-21.83214
187,2007-Nov-20 06:26:31.305,257.54958,-21.84268
188,2007-Nov-21 04:34:01.655,257.68686,-21.85308
189,2007-Nov-22 02:39:55.934,257.82415,-21.86334
190,2007-Nov-23 00:44:24.190,257.96146,-21.87346
191,2007-Nov-23 22:47:35.990,258.09878,-21.88343
192,2007-Nov-24 20:49:40.469,258.23612,-21.89327
193,2007-Nov-25 18:50:46.430,258.37347,-21.90296
194,2007-Nov-26 16:51:02.481,258.51083,-21.91252
195,2007-Nov-27 14:50:37.188,258.64821,-21.92193
196,2007-Nov-28 12:49:39.202,258.7856,-21.9312
197,2007-Nov-29 10:48:17.347,258.923,-21.94033
198,2007-Nov-30 08:46:40.671,259.06042,-21.94932
199,2007-Dec-01 06:44:58.450,259.19784,-21.95817
200,2007-Dec-02 04:43:20.184,259.33528,-21.96687
201,2007-Dec-03 02:41:55.573,259.47272,-21.97543
202,2007-Dec-04 00:40:54.504,259.61018,-21.98384
203,2007-Dec-04 22:40:27.035,259.74764,-21.99211
204,2007-Dec-05 20:40:43.390,259.88512,-22.00024
205,2007-Dec-06 18:41:53.960,260.0226,-22.00822
206,2007-Dec-07 16:44:09.298,260.16009,-22.01605
207,2007-Dec-08 14:47:40.133,260.29759,-22.02374
208,2007-Dec-09 12:52:37.366,260.4351,-22.03129
209,2007-Dec-10 10:59:12.074,260.57261,-22.03869
210,2007-Dec-11 09:07:35.505,260.71014,-22.04594
211,2007-Dec-12 07:17:59.072,260.84766,-22.05304
212,2007-Dec-13 05:30:34.343,260.9852,-22.06
213,2007-Dec-14 03:45:33.019,261.12273,-22.06681
214,2007-Dec-15 02:03:06.898,261.26028,-22.07348
215,2007-Dec-16 00:23:27.899,261.39783,-22.07999
216,2007-Dec-16 22:46:48.059,261.53538,-22.08636
217,2007-Dec-17 21:13:19.441,261.67294,-22.09258
218,2007-Dec-18 19:43:14.114,261.8105,-22.09866
219,2007-Dec-19 18:16:44.135,261.94806,-22.10458
220,2007-Dec-20 16:54:01.519,262.08563,-22.11036
221,2007-Dec-21 15:35:18.230,262.2232,-22.11598
222,2007-Dec-22 14:20:46.213,262.36078,-22.12146
223,2007-Dec-23 13:10:37.456,262.49836,-22.12679
224,2007-Dec-24 12:05:04.123,262.63594,-22.13197
225,2007-Dec-25 11:04:18.709,262.77352,-22.13699
226,2007-Dec-26 10:08:34.211,262.91111,-22.14187
227,2007-Dec-27 09:18:04.282,263.04869,-22.14659
228,2007-Dec-28 08:33:03.333,263.18627,-22.15116
229,2007-Dec-29 07:53:46.603,263.32386,-22.15558
230,2007-Dec-30 07:20:30.186,263.46144,-22.15984
231,2007-Dec-31 06:53:31.044,263.59901,-22.16394
232,2008-Jan-01 06:33:07.018,263.73659,-22.16789
233,2008-Jan-02 06:19:36.847,263.87415,-22.17168
234,2008-Jan-03 06:13:20.200,264.01172,-22.17531
235,2008-Jan-04 06:14:37.721,264.14927,-22.17878
236,2008-Jan-05 06:23:51.089,264.28682,-22.1821
237,2008-Jan-06 06:41:23.085,264.42436,-22.18525
238,2008-Jan-07 07:07:37.656,264.56189,-22.18823
239,2008-Jan-08 07:42:59.989,264.6994,-22.19106
240,2008-Jan-09 08:27:56.567,264.83691,-22.19372
241,2008-Jan-10 09:22:55.215,264.97441,-22.19621
242,2008-Jan-11 10:28:25.135,265.11189,-22.19854
243,2008-Jan-12 11:44:56.928,265.24935,-22.2007
244,2008-Jan-13 13:13:02.611,265.3868,-22.20269
245,2008-Jan-14 14:53:15.641,265.52424,-22.20451
246,2008-Jan-15 16:46:10.949,265.66165,-22.20617
247,2008-Jan-16 18:52:24.993,265.79905,-22.20765
248,2008-Jan-17 21:12:35.857,265.93643,-22.20895
249,2008-Jan-18 23:47:23.397,266.07378,-22.21008
0,2008-Jan-20 00:00:00.000,266.19775,-22.21095
1,2008-Jan-21 03:04:33.111,266.33506,-22.21174
2,2008-Jan-22 06:25:51.420,266.47235,-22.21236
3,2008-Jan-23 10:04:45.184,266.60961,-22.21279
4,2008-Jan-24 14:02:08.786,266.74684,-22.21303
5,2008-Jan-25 18:19:01.420,266.88404,-22.21308
6,2008-Jan-26 22:56:27.751,267.0212,-22.21294
7,2008-Jan-28 03:55:38.539,267.15832,-22.21261
8,2008-Jan-29 09:17:51.280,267.2954,-22.21207
9,2008-Jan-30 15:04:30.926,267.43243,-22.21134
10,2008-Jan-31 21:17:10.763,267.56941,-22.21039
11,2008-Feb-02 03:57:33.473,267.70634,-22.20923
12,2008-Feb-03 11:07:32.433,267.8432,-22.20786
13,2008-Feb-04 18:49:13.280,267.98,-22.20626
14,2008-Feb-06 03:04:55.728,268.11672,-22.20444
15,2008-Feb-07 11:57:15.651,268.25337,-22.20238
16,2008-Feb-08 21:29:07.395,268.38992,-22.20008
17,2008-Feb-10 07:43:46.367,268.52638,-22.19753
18,2008-Feb-11 18:44:52.045,268.66274,-22.19473
19,2008-Feb-13 06:36:31.736,268.79898,-22.19166
20,2008-Feb-14 19:23:25.594,268.9351,-22.18831
21,2008-Feb-16 09:10:53.506,269.07107,-22.18467
22,2008-Feb-18 00:05:04.600,269.20688,-22.18073
23,2008-Feb-19 16:13:10.414,269.34252,-22.17646
24,2008-Feb-21 09:43:43.132,269.47794,-22.17184
25,2008-Feb-23 04:47:00.735,269.61312,-22.16686
26,2008-Feb-25 01:35:41.509,269.748,-22.16147
27,2008-Feb-27 00:25:32.039,269.88254,-22.15563
28,2008-Feb-29 01:36:36.607,270.01664,-22.1493
29,2008-Mar-02 05:35:02.834,270.1502,-22.14241
30,2008-Mar-04 12:55:51.137,270.28307,-22.13488
31,2008-Mar-07 00:27:40.908,270.41502,-22.12659
32,2008-Mar-09 17:21:21.639,270.54572,-22.11738
33,2008-Mar-12 17:26:14.723,270.67459,-22.10699
34,2008-Mar-16 03:45:41.123,270.80059,-22.09501
35,2008-Mar-20 06:10:12.548,270.92133,-22.08062
36,2008-Mar-25 14:43:18.056,271.02972,-22.06187
37,2008-Apr-03 12:46:44.931,271.08529,-22.03131
38,2008-May-04 17:18:52.777,270.10904,-21.93714
39,2008-May-07 02:44:18.601,269.96734,-21.93066
40,2008-May-09 08:56:52.325,269.82626,-21.92462
41,2008-May-11 12:34:13.025,269.68567,-21.91892
42,2008-May-13 14:03:52.410,269.54546,-21.91349
43,2008-May-15 13:46:34.364,269.40557,-21.90828
44,2008-May-17 11:58:23.929,269.26594,-21.90326
45,2008-May-19 08:52:10.315,269.12653,-21.89839
46,2008-May-21 04:38:20.971,268.98732,-21.89365
47,2008-May-22 23:25:38.047,268.84827,-21.88902
48,2008-May-24 17:21:23.925,268.70938,-21.88449
49,2008-May-26 10:31:59.624,268.57063,-21.88003
50,2008-May-28 03:02:58.391,268.43201,-21.87565
51,2008-May-29 18:59:16.109,268.29351,-21.87133
52,2008-May-31 10:25:19.714,268.15512,-21.86706
53,2008-Jun-02 01:25:14.262,268.01683,-21.86285
54,2008-Jun-03 16:02:48.672,267.87866,-21.85867
55,2008-Jun-05 06:21:39.339,267.74058,-21.85453
56,2008-Jun-06 20:25:11.003,267.60261,-21.85042
57,2008-Jun-08 10:16:35.972,267.46473,-21.84633
58,2008-Jun-09 23:58:53.867,267.32693,-21.84227
59,2008-Jun-11 13:34:52.996,267.18922,-21.83822
60,2008-Jun-13 03:07:12.848,267.0516,-21.83419
61,2008-Jun-14 16:38:26.751,266.91405,-21.83016
62,2008-Jun-16 06:11:04.220,266.77659,-21.82615
63,2008-Jun-17 19:47:32.964,266.6392,-21.82214
64,2008-Jun-19 09:30:20.721,266.50189,-21.81814
65,2008-Jun-20 23:21:57.101,266.36466,-21.81415
66,2008-Jun-22 13:24:55.586,266.22751,-21.81017
67,2008-Jun-24 03:41:55.764,266.09045,-21.8062
68,2008-Jun-25 18:15:45.885,265.95347,-21.80225
69,2008-Jun-27 09:09:25.851,265.81659,-21.7983
70,2008-Jun-29 00:26:10.821,265.67981,-21.79438
71,2008-Jun-30 16:09:35.502,265.54313,-21.79048
72,2008-Jul-02 08:23:38.794,265.40656,-21.78661
73,2008-Jul-04 01:12:47.722,265.27012,-21.78276
74,2008-Jul-05 18:41:59.774,265.13382,-21.77896
75,2008-Jul-07 12:56:44.623,264.99765,-21.77519
76,2008-Jul-09 08:03:08.131,264.86164,-21.77146
77,2008-Jul-11 04:08:00.698,264.72578,-21.76778
78,2008-Jul-13 01:19:09.993,264.59011,-21.76417
79,2008-Jul-14 23:45:37.701,264.45464,-21.76063
80,2008-Jul-16 23:38:01.171,264.31939,-21.75718
81,2008-Jul-19 01:09:02.572,264.1844,-21.75383
82,2008-Jul-21 04:34:10.417,264.04972,-21.75061
83,2008-Jul-23 10:12:41.445,263.9154,-21.74755
84,2008-Jul-25 18:29:16.000,263.78154,-21.74468
85,2008-Jul-28 05:56:29.479,263.64825,-21.74207
86,2008-Jul-30 21:19:01.204,263.51571,-21.73977
87,2008-Aug-02 17:40:37.084,263.38419,-21.73788
88,2008-Aug-05 20:36:41.998,263.25408,-21.73654
89,2008-Aug-09 08:39:35.431,263.1261,-21.73596
90,2008-Aug-13 10:19:34.612,263.0017,-21.73654
91,2008-Aug-18 11:06:58.245,262.88453,-21.73918
92,2008-Aug-25 14:42:26.517,262.78863,-21.7466
93,2008-Sep-12 10:21:58.589,262.91146,-21.78278
94,2008-Sep-18 21:39:30.125,263.07962,-21.80117
95,2008-Sep-23 08:08:51.698,263.2309,-21.81506
96,2008-Sep-27 00:16:04.827,263.37753,-21.82719
97,2008-Sep-30 05:38:53.176,263.52185,-21.83823
98,2008-Oct-03 03:45:07.971,263.66477,-21.84848
99,2008-Oct-05 20:31:09.527,263.80675,-21.8581
100,2008-Oct-08 09:09:50.700,263.94805,-21.86719
101,2008-Oct-10 18:30:22.055,264.08886,-21.87584
102,2008-Oct-13 01:07:44.713,264.22928,-21.88409
103,2008-Oct-15 05:27:54.400,264.3694,-21.89199
104,2008-Oct-17 07:50:34.973,264.50927,-21.89956
105,2008-Oct-19 08:31:07.711,264.64895,-21.90683
106,2008-Oct-21 07:41:48.414,264.78846,-21.91381
107,2008-Oct-23 05:32:42.420,264.92782,-21.92051
108,2008-Oct-25 02:12:20.423,265.06706,-21.92696
109,2008-Oct-26 21:48:00.567,265.20619,-21.93315
110,2008-Oct-28 16:26:02.746,265.34522,-21.93909
111,2008-Oct-30 10:11:58.659,265.48415,-21.9448
112,2008-Nov-01 03:10:39.377,265.623,-21.95028
113,2008-Nov-02 19:26:21.298,265.76178,-21.95553
114,2008-Nov-04 11:02:51.191,265.90049,-21.96057
115,2008-Nov-06 02:03:30.461,266.03914,-21.96539
116,2008-Nov-07 16:31:18.803,266.17774,-21.97
117,2008-Nov-09 06:28:57.141,266.31628,-21.9744
118,2008-Nov-10 19:58:49.834,266.45478,-21.97861
119,2008-Nov-12 09:03:06.221,266.59324,-21.98262
120,2008-Nov-13 21:43:41.798,266.73166,-21.98643
121,2008-Nov-15 10:02:19.689,266.87005,-21.99006
122,2008-Nov-16 22:00:32.871,267.0084,-21.99349
123,2008-Nov-18 09:39:46.938,267.14673,-21.99673
124,2008-Nov-19 21:01:22.548,267.28503,-21.99979
125,2008-Nov-21 08:06:36.912,267.4233,-22.00266
126,2008-Nov-22 18:56:44.401,267.56154,-22.00534
127,2008-Nov-24 05:32:56.710,267.69975,-22.00783
128,2008-Nov-25 15:56:22.891,267.83793,-22.01014
129,2008-Nov-27 02:08:09.398,267.97608,-22.01227
130,2008-Nov-28 12:09:20.145,268.11421,-22.01421
131,2008-Nov-29 22:00:56.584,268.25231,-22.01598
132,2008-Dec-01 07:43:57.776,268.39038,-22.01756
133,2008-Dec-02 17:19:20.483,268.52843,-22.01896
134,2008-Dec-04 02:47:59.277,268.66645,-22.02018
135,2008-Dec-05 12:10:46.660,268.80444,-22.02122
136,2008-Dec-06 21:28:33.155,268.94241,-22.02209
137,2008-Dec-08 06:42:07.314,269.08036,-22.02278
138,2008-Dec-09 15:52:15.639,269.21828,-22.02329
139,2008-Dec-11 00:59:42.405,269.35618,-22.02363
140,2008-Dec-12 10:05:09.526,269.49405,-22.02379
141,2008-Dec-13 19:09:16.772,269.63191,-22.02378
142,2008-Dec-15 04:12:42.520,269.76974,-22.02359
143,2008-Dec-16 13:16:04.942,269.90755,-22.02323
144,2008-Dec-17 22:20:03.155,270.04533,-22.02268
145,2008-Dec-19 07:25:17.887,270.18309,-22.02196
146,2008-Dec-20 16:32:31.659,270.32083,-22.02106
147,2008-Dec-22 01:42:28.668,270.45853,-22.01998
148,2008-Dec-23 10:55:54.601,270.5962,-22.01872
149,2008-Dec-24 20:13:36.642,270.73385,-22.01728
150,2008-Dec-26 05:36:23.445,270.87146,-22.01566
151,2008-Dec-27 15:05:05.091,271.00904,-22.01385
152,2008-Dec-29 00:40:33.171,271.14659,-22.01187
153,2008-Dec-30 10:23:40.839,271.2841,-22.0097
154,2008-Dec-31 20:15:22.848,271.42157,-22.00734
155,2009-Jan-02 06:16:35.589,271.55901,-22.00481
156,2009-Jan-03 16:28:17.123,271.69641,-22.00209
157,2009-Jan-05 02:51:27.180,271.83378,-21.99918
158,2009-Jan-06 13:27:07.124,271.9711,-21.99609
159,2009-Jan-08 00:16:19.836,272.10838,-21.99281
160,2009-Jan-09 11:20:09.642,272.24563,-21.98934
161,2009-Jan-10 22:39:42.565,272.38283,-21.98568
162,2009-Jan-12 10:16:07.302,272.51998,-21.98182
163,2009-Jan-13 22:10:37.035,272.65709,-21.97777
164,2009-Jan-15 10:24:31.554,272.79415,-21.97352
165,2009-Jan-16 22:59:18.922,272.93116,-21.96907
166,2009-Jan-18 11:56:36.415,273.0681,-21.96442
0,2009-Jan-20 00:00:00.000,273.20024,-21.95972
1,2009-Jan-21 13:46:52.575,273.33706,-21.95465
2,2009-Jan-23 04:02:03.929,273.4738,-21.94937
3,2009-Jan-24 18:47:55.141,273.61047,-21.94387
4,2009-Jan-26 10:07:01.596,273.74705,-21.93814
5,2009-Jan-28 02:02:14.871,273.88355,-21.93219
6,2009-Jan-29 18:36:44.821,274.01995,-21.926
7,2009-Jan-31 11:54:01.909,274.15624,-21.91958
8,2009-Feb-02 05:57:59.896,274.29243,-21.91291
9,2009-Feb-04 00:52:59.073,274.42849,-21.906
10,2009-Feb-05 20:43:50.265,274.56443,-21.89882
11,2009-Feb-07 17:36:00.297,274.70023,-21.89138
12,2009-Feb-09 15:35:40.585,274.83588,-21.88365
13,2009-Feb-11 14:50:01.403,274.97134,-21.87562
14,2009-Feb-13 15:27:32.780,275.10661,-21.86729
15,2009-Feb-15 17:38:30.031,275.24164,-21.85862
16,2009-Feb-17 21:35:23.287,275.3764,-21.8496
17,2009-Feb-20 03:33:35.924,275.51084,-21.84019
18,2009-Feb-22 11:52:20.538,275.64489,-21.83038
19,2009-Feb-24 22:56:03.275,275.77847,-21.82011
20,2009-Feb-27 13:16:32.127,275.91149,-21.80933
21,2009-Mar-02 07:36:16.324,276.04377,-21.79798
22,2009-Mar-05 06:53:53.013,276.17513,-21.78596
23,2009-Mar-08 12:33:51.538,276.3052,-21.77313
24,2009-Mar-12 02:46:04.298,276.43342,-21.75927
25,2009-Mar-16 05:10:49.166,276.55863,-21.74404
26,2009-Mar-21 03:01:10.640,276.67821,-21.72676
27,2009-Mar-27 14:19:01.950,276.7842,-21.70589
28,2009-Apr-07 19:58:14.084,276.82723,-21.67564
29,2009-May-06 13:09:18.700,276.15901,-21.63611
30,2009-May-09 21:30:07.096,276.01549,-21.63489
31,2009-May-12 23:23:12.368,275.87316,-21.6343
32,2009-May-15 20:25:33.215,275.73167,-21.63419
33,2009-May-18 13:40:43.057,275.59082,-21.63446
34,2009-May-21 03:53:22.962,275.45046,-21.63503
35,2009-May-23 15:36:38.121,275.31051,-21.63585
36,2009-May-26 01:16:04.744,275.1709,-21.63688
37,2009-May-28 09:12:15.244,275.0316,-21.63809
38,2009-May-30 15:41:55.790,274.89255,-21.63945
39,2009-Jun-01 20:58:49.291,274.75373,-21.64094
40,2009-Jun-04 01:14:12.703,274.61509,-21.64253
41,2009-Jun-06 04:37:32.713,274.47662,-21.64421
42,2009-Jun-08 07:16:54.653,274.3383,-21.64598
43,2009-Jun-10 09:19:24.066,274.20012,-21.64782
44,2009-Jun-12 10:51:22.721,274.06207,-21.64973
45,2009-Jun-14 11:58:40.569,273.92414,-21.6517
46,2009-Jun-16 12:46:44.787,273.78633,-21.65373
47,2009-Jun-18 13:20:47.232,273.64865,-21.65582
48,2009-Jun-20 13:45:51.618,273.51108,-21.65796
49,2009-Jun-22 14:07:00.984,273.37363,-21.66015
50,2009-Jun-24 14:29:23.696,273.2363,-21.66239
51,2009-Jun-26 14:58:14.126,273.0991,-21.66468
52,2009-Jun-28 15:38:47.996,272.96201,-21.66701
53,2009-Jun-30 16:36:19.429,272.82505,-21.66938
54,2009-Jul-02 17:56:04.531,272.68821,-21.6718
55,2009-Jul-04 19:43:29.115,272.55149,-21.67427
56,2009-Jul-06 22:04:17.315,272.41489,-21.67679
57,2009-Jul-09 01:04:40.530,272.27844,-21.67936
58,2009-Jul-11 04:51:27.604,272.14213,-21.682
59,2009-Jul-13 09:32:17.210,272.00598,-21.68472
60,2009-Jul-15 15:15:53.573,271.87002,-21.68751
61,2009-Jul-17 22:12:27.219,271.73426,-21.6904
62,2009-Jul-20 06:34:03.947,271.59874,-21.6934
63,2009-Jul-22 16:35:24.290,271.46349,-21.69653
64,2009-Jul-25 04:34:28.639,271.32858,-21.69979
65,2009-Jul-27 18:53:20.963,271.19403,-21.70322
66,2009-Jul-30 11:59:14.859,271.05992,-21.70684
67,2009-Aug-02 08:26:45.486,270.92635,-21.7107
68,2009-Aug-05 09:01:36.915,270.79345,-21.71485
69,2009-Aug-08 14:47:01.171,270.66144,-21.71938
70,2009-Aug-12 03:15:06.812,270.53068,-21.7244
71,2009-Aug-16 00:50:11.736,270.40179,-21.7301
72,2009-Aug-20 11:42:12.803,270.27597,-21.73677
73,2009-Aug-25 20:13:48.991,270.15598,-21.74501
74,2009-Sep-01 23:54:46.588,270.05039,-21.75632
75,2009-Sep-15 02:28:40.936,270.02093,-21.77765
76,2009-Oct-07 14:30:17.578,270.45537,-21.81242
77,2009-Oct-11 21:09:21.650,270.6026,-21.81811
78,2009-Oct-15 15:08:39.888,270.74736,-21.8227
79,2009-Oct-19 00:37:04.910,270.89064,-21.82648
80,2009-Oct-22 03:53:13.412,271.0329,-21.82961
81,2009-Oct-25 02:24:14.145,271.17442,-21.8322
82,2009-Oct-27 21:08:45.287,271.3154,-21.83433
83,2009-Oct-30 12:48:16.229,271.45594,-21.83604
84,2009-Nov-02 01:53:22.426,271.59614,-21.83737
85,2009-Nov-04 12:47:18.922,271.73607,-21.83837
86,2009-Nov-06 21:48:09.693,271.87576,-21.83904
87,2009-Nov-09 05:10:16.783,272.01527,-21.8394
88,2009-Nov-11 11:05:27.463,272.1546,-21.83947
89,2009-Nov-13 15:43:40.993,272.29377,-21.83926
90,2009-Nov-15 19:13:36.976,272.4328,-21.83878
91,2009-Nov-17 21:42:51.587,272.5717,-21.83803
92,2009-Nov-19 23:18:06.710,272.71048,-21.83703
93,2009-Nov-22 00:05:16.306,272.84915,-21.83578
94,2009-Nov-24 00:09:32.229,272.98772,-21.8343
95,2009-Nov-25 23:35:30.233,273.12619,-21.83258
96,2009-Nov-27 22:27:15.550,273.26458,-21.83063
97,2009-Nov-29 20:48:27.279,273.40288,-21.82845
98,2009-Dec-01 18:42:21.334,273.54112,-21.82606
99,2009-Dec-03 16:11:52.563,273.67928,-21.82344
100,2009-Dec-05 13:19:37.572,273.81738,-21.82061
101,2009-Dec-07 10:07:59.599,273.95542,-21.81757
102,2009-Dec-09 06:39:14.416,274.09339,-21.81431
103,2009-Dec-11 02:55:34.665,274.2313,-21.81083
104,2009-Dec-12 22:59:11.605,274.36914,-21.80714
105,2009-Dec-14 18:52:15.217,274.50692,-21.80325
106,2009-Dec-16 14:36:53.755,274.64464,-21.79914
107,2009-Dec-18 10:15:13.229,274.78229,-21.79482
108,2009-Dec-20 05:49:16.998,274.91987,-21.79029
109,2009-Dec-22 01:21:05.637,275.05739,-21.78555
110,2009-Dec-23 20:52:37.151,275.19485,-21.78061
111,2009-Dec-25 16:25:47.407,275.33225,-21.77547
112,2009-Dec-27 12:02:30.505,275.46958,-21.77011
113,2009-Dec-29 07:44:38.768,275.60685,-21.76455
114,2009-Dec-31 03:34:02.672,275.74405,-21.75878
115,2010-Jan-01 23:32:30.705,275.8812,-21.75281
116,2010-Jan-03 19:41:51.299,276.01828,-21.74662
117,2010-Jan-05 16:03:57.270,276.15529,-21.74022
118,2010-Jan-07 12:40:50.694,276.29224,-21.7336
119,2010-Jan-09 09:34:45.614,276.4291,-21.72676
120,2010-Jan-11 06:48:08.572,276.56589,-21.71971
121,2010-Jan-13 04:23:38.547,276.70259,-21.71243
122,2010-Jan-15 02:24:07.269,276.83919,-21.70493
123,2010-Jan-17 00:52:40.004,276.97571,-21.6972
124,2010-Jan-18 23:52:36.737,277.11212,-21.68925
0,2010-Jan-20 00:00:00.000,277.18146,-21.68511
1,2010-Jan-21 23:54:13.994,277.31771,-21.6768
2,2010-Jan-24 00:29:30.237,277.45385,-21.66825
3,2010-Jan-26 01:50:16.124,277.58987,-21.65945
4,2010-Jan-28 04:01:24.110,277.72576,-21.6504
5,2010-Jan-30 07:08:15.134,277.86152,-21.6411
6,2010-Feb-01 11:16:46.437,277.99713,-21.63152
7,2010-Feb-03 16:33:48.574,278.13257,-21.62166
8,2010-Feb-05 23:07:28.763,278.26783,-21.61151
9,2010-Feb-08 07:07:31.820,278.40286,-21.60105
10,2010-Feb-10 16:45:39.810,278.53765,-21.59028
11,2010-Feb-13 04:15:58.981,278.67215,-21.57916
12,2010-Feb-15 17:55:39.875,278.80632,-21.56769
13,2010-Feb-18 10:05:54.946,278.9401,-21.55583
14,2010-Feb-21 05:13:21.548,279.07343,-21.54355
15,2010-Feb-24 03:52:05.733,279.2062,-21.5308
16,2010-Feb-27 06:46:54.398,279.33829,-21.51753
17,2010-Mar-02 14:58:40.226,279.46949,-21.50366
18,2010-Mar-06 05:55:07.778,279.59946,-21.48905
19,2010-Mar-10 05:53:08.711,279.72762,-21.47357
20,2010-Mar-14 18:44:54.364,279.85291,-21.45692
21,2010-Mar-20 03:56:03.785,279.97304,-21.43863
22,2010-Mar-27 03:09:15.329,280.08148,-21.41761
23,2010-Apr-07 11:25:24.722,280.14315,-21.39045
24,2010-Jun-06 03:18:34.998,278.35859,-21.39932
25,2010-Jun-08 18:47:31.308,278.22007,-21.40437
26,2010-Jun-11 09:02:24.760,278.08178,-21.40956
27,2010-Jun-13 22:17:05.896,277.94372,-21.41487
28,2010-Jun-16 10:44:00.184,277.80586,-21.42028
29,2010-Jun-18 22:34:22.365,277.66819,-21.42579
30,2010-Jun-21 09:58:16.991,277.53069,-21.43139
31,2010-Jun-23 21:04:44.232,277.39336,-21.43706
32,2010-Jun-26 08:01:56.444,277.25617,-21.44282
33,2010-Jun-28 18:57:38.936,277.11914,-21.44865
34,2010-Jul-01 05:59:29.857,276.98225,-21.45456
35,2010-Jul-03 17:15:16.165,276.84551,-21.46055
36,2010-Jul-06 04:53:08.726,276.70894,-21.46662
37,2010-Jul-08 17:01:52.967,276.57253,-21.47278
38,2010-Jul-11 05:51:05.881,276.43632,-21.47903
39,2010-Jul-13 19:31:36.392,276.30031,-21.48537
40,2010-Jul-16 10:15:40.189,276.16453,-21.49181
41,2010-Jul-19 02:17:00.395,276.02898,-21.49836
42,2010-Jul-21 19:50:54.354,275.89369,-21.50502
43,2010-Jul-24 15:14:51.180,275.75868,-21.51183
44,2010-Jul-27 12:49:37.264,275.624,-21.51879
45,2010-Jul-30 13:00:48.137,275.48972,-21.52594
46,2010-Aug-02 16:21:00.743,275.35592,-21.53332
47,2010-Aug-05 23:33:15.051,275.22274,-21.54096
48,2010-Aug-09 11:36:29.139,275.09037,-21.54892
49,2010-Aug-13 05:55:35.027,274.9591,-21.5573
50,2010-Aug-17 08:38:25.854,274.82935,-21.5662
51,2010-Aug-21 23:08:35.532,274.70188,-21.57582
52,2010-Aug-27 07:29:43.699,274.57831,-21.58654
53,2010-Sep-02 22:49:19.136,274.46288,-21.5991
54,2010-Sep-12 13:44:56.977,274.37315,-21.61559
55,2010-Oct-11 07:35:43.641,274.6554,-21.64893
56,2010-Oct-17 03:00:03.183,274.80791,-21.65198
57,2010-Oct-21 21:29:46.270,274.955,-21.65338
58,2010-Oct-26 02:00:34.434,275.09954,-21.65374
59,2010-Oct-29 21:12:25.827,275.24257,-21.65332
60,2010-Nov-02 09:37:01.806,275.38458,-21.65227
61,2010-Nov-05 16:48:37.006,275.52586,-21.65068
62,2010-Nov-08 19:51:45.844,275.66655,-21.64862
63,2010-Nov-11 19:33:36.732,275.80677,-21.64615
64,2010-Nov-14 16:29:26.323,275.94661,-21.64329
65,2010-Nov-17 11:06:05.301,276.08613,-21.64008
66,2010-Nov-20 03:44:29.707,276.2254,-21.63655
67,2010-Nov-22 18:41:21.433,276.36444,-21.6327
68,2010-Nov-25 08:10:13.072,276.50329,-21.62855
69,2010-Nov-27 20:22:15.456,276.64197,-21.62411
70,2010-Nov-30 07:26:58.017,276.78049,-21.61939
71,2010-Dec-02 17:32:41.607,276.91886,-21.6144
72,2010-Dec-05 02:47:00.745,277.05709,-21.60914
73,2010-Dec-07 11:16:54.597,277.19518,-21.60362
74,2010-Dec-09 19:08:48.406,277.33314,-21.59785
75,2010-Dec-12 02:28:31.815,277.47098,-21.59183
76,2010-Dec-14 09:21:20.556,277.6087,-21.58556
77,2010-Dec-16 15:52:01.547,277.74631,-21.57905
78,2010-Dec-18 22:04:58.105,277.88382,-21.57231
79,2010-Dec-21 04:04:13.440,278.02123,-21.56533
80,2010-Dec-23 09:53:33.129,278.15854,-21.55811
81,2010-Dec-25 15:36:29.328,278.29576,-21.55065
82,2010-Dec-27 21:16:28.966,278.43288,-21.54296
83,2010-Dec-30 02:57:03.513,278.5699,-21.53503
84,2011-Jan-01 08:41:55.411,278.70681,-21.52685
85,2011-Jan-03 14:35:00.177,278.84362,-21.51845
86,2011-Jan-05 20:40:25.120,278.98031,-21.5098
87,2011-Jan-08 03:02:26.817,279.11688,-21.50091
88,2011-Jan-10 09:45:29.663,279.25334,-21.49178
89,2011-Jan-12 16:54:06.776,279.38968,-21.48241
90,2011-Jan-15 00:33:02.894,279.52589,-21.4728
91,2011-Jan-17 08:47:17.582,279.66197,-21.46293
92,2011-Jan-19 17:42:07.789,279.79793,-21.45281
0,2011-Jan-20 00:00:00.000,279.81285,-21.45168
1,2011-Jan-22 09:46:30.482,279.94865,-21.44127
2,2011-Jan-24 20:26:09.139,280.0843,-21.43058
3,2011-Jan-27 08:06:08.815,280.21977,-21.41962
4,2011-Jan-29 20:55:01.260,280.35505,-21.40837
5,2011-Feb-01 11:02:51.445,280.49011,-21.39683
6,2011-Feb-04 02:41:30.995,280.62493,-21.38498
7,2011-Feb-06 20:04:57.255,280.75948,-21.37282
8,2011-Feb-09 15:29:42.216,280.89373,-21.36031
9,2011-Feb-12 13:15:36.793,281.02763,-21.34746
10,2011-Feb-15 13:46:55.574,281.16113,-21.33421
11,2011-Feb-18 17:33:48.274,281.29417,-21.32055
12,2011-Feb-22 01:14:48.134,281.42662,-21.30642
13,2011-Feb-25 13:41:51.568,281.55832,-21.29177
14,2011-Mar-01 08:09:06.247,281.68901,-21.27654
15,2011-Mar-05 10:26:42.179,281.81831,-21.2606
16,2011-Mar-09 23:27:41.219,281.94557,-21.2438
17,2011-Mar-15 04:09:16.620,282.0696,-21.22588
18,2011-Mar-21 10:20:07.697,282.18761,-21.20631
19,2011-Mar-29 19:06:47.378,282.29038,-21.18399
20,2011-Apr-14 07:34:13.219,282.30998,-21.1558
21,2011-May-07 01:34:35.307,281.95021,-21.14735
22,2011-May-12 11:41:25.056,281.80219,-21.15094
23,2011-May-17 03:55:06.334,281.65767,-21.15561
24,2011-May-21 09:04:20.649,281.51504,-21.16098
25,2011-May-25 06:30:33.861,281.37363,-21.16688
26,2011-May-28 22:13:37.335,281.23311,-21.17317
27,2011-Jun-01 09:33:42.214,281.09327,-21.1798
28,2011-Jun-04 17:28:11.526,280.95397,-21.18668
29,2011-Jun-07 22:40:20.333,280.81514,-21.19379
30,2011-Jun-11 01:43:52.812,280.67668,-21.20108
31,2011-Jun-14 03:05:29.419,280.53854,-21.20853
32,2011-Jun-17 03:06:23.940,280.40066,-21.21613
33,2011-Jun-20 02:03:58.753,280.26303,-21.22387
34,2011-Jun-23 00:13:23.198,280.12561,-21.23174
35,2011-Jun-25 21:48:38.641,279.98842,-21.23973
36,2011-Jun-28 19:03:08.034,279.85145,-21.24783
37,2011-Jul-01 16:09:56.839,279.71469,-21.25604
38,2011-Jul-04 13:22:15.186,279.57816,-21.26437
39,2011-Jul-07 10:53:31.875,279.44185,-21.27279
40,2011-Jul-10 08:57:31.440,279.30576,-21.28132
41,2011-Jul-13 07:48:09.686,279.16989,-21.28997
42,2011-Jul-16 07:39:51.988,279.03425,-21.29873
43,2011-Jul-19 08:48:22.286,278.89886,-21.30763
44,2011-Jul-22 11:31:52.315,278.76377,-21.31668
45,2011-Jul-25 16:12:13.287,278.62902,-21.32588
46,2011-Jul-28 23:16:17.711,278.49466,-21.33527
47,2011-Aug-01 09:18:02.790,278.3608,-21.34486
48,2011-Aug-04 23:01:32.281,278.22752,-21.35469
49,2011-Aug-08 17:24:37.782,278.09497,-21.36481
50,2011-Aug-12 17:44:47.612,277.96333,-21.37528
51,2011-Aug-17 01:52:15.166,277.83295,-21.3862
52,2011-Aug-21 20:38:17.743,277.70445,-21.39773
53,2011-Aug-27 06:58:44.033,277.57903,-21.4101
54,2011-Sep-02 18:46:09.052,277.45945,-21.42375
55,2011-Sep-11 09:25:19.799,277.35416,-21.43974
56,2011-Sep-26 22:33:05.897,277.3224,-21.46184
57,2011-Oct-25 21:49:47.537,277.79728,-21.47483
58,2011-Oct-30 21:35:59.751,277.94324,-21.47283
59,2011-Nov-04 08:02:55.202,278.08691,-21.46992
60,2011-Nov-08 09:29:02.283,278.22919,-21.46632
61,2011-Nov-12 04:19:08.183,278.37051,-21.46214
62,2011-Nov-15 18:04:05.658,278.51115,-21.45747
63,2011-Nov-19 03:45:39.144,278.65125,-21.45235
64,2011-Nov-22 10:08:24.530,278.79091,-21.44681
65,2011-Nov-25 13:46:26.529,278.9302,-21.4409
66,2011-Nov-28 15:07:15.710,279.06917,-21.43464
67,2011-Dec-01 14:33:38.089,279.20784,-21.42804
68,2011-Dec-04 12:24:08.743,279.34626,-21.42113
69,2011-Dec-07 08:53:57.842,279.48446,-21.41392
70,2011-Dec-10 04:15:43.894,279.62247,-21.40642
71,2011-Dec-12 22:40:11.961,279.76031,-21.39863
72,2011-Dec-15 16:16:40.794,279.89798,-21.39056
73,2011-Dec-18 09:13:27.375,280.03549,-21.3822
74,2011-Dec-21 01:38:11.146,280.17285,-21.37358
75,2011-Dec-23 17:38:15.739,280.31005,-21.36468
76,2011-Dec-26 09:21:03.429,280.44709,-21.35552
77,2011-Dec-29 00:53:53.676,280.58398,-21.3461
78,2011-Dec-31 16:23:50.499,280.72071,-21.33641
79,2012-Jan-03 07:57:38.337,280.85729,-21.32646
80,2012-Jan-05 23:41:49.330,280.99373,-21.31626
81,2012-Jan-08 15:42:52.133,281.13002,-21.30578
82,2012-Jan-11 08:07:18.114,281.26617,-21.29504
83,2012-Jan-14 01:01:50.208,281.40215,-21.28402
84,2012-Jan-16 18:33:39.863,281.53797,-21.27273
85,2012-Jan-19 12:50:50.863,281.67361,-21.26116
0,2012-Jan-20 00:00:00.000,281.69624,-21.2592
1,2012-Jan-22 19:21:58.413,281.83164,-21.24729
2,2012-Jan-25 15:51:17.539,281.96682,-21.2351
3,2012-Jan-28 13:40:25.664,282.10175,-21.2226
4,2012-Jan-31 13:03:25.584,282.23643,-21.20979
5,2012-Feb-03 14:16:20.654,282.37082,-21.19665
6,2012-Feb-06 17:37:56.706,282.5049,-21.18317
7,2012-Feb-09 23:30:36.251,282.63861,-21.16932
8,2012-Feb-13 08:21:47.206,282.7719,-21.15508
9,2012-Feb-16 20:46:54.395,282.90465,-21.14042
10,2012-Feb-20 13:33:42.688,283.03672,-21.12529
11,2012-Feb-24 11:48:03.336,283.16794,-21.10965
12,2012-Feb-28 17:02:52.357,283.29803,-21.09342
13,2012-Mar-04 07:35:23.289,283.42659,-21.07649
14,2012-Mar-09 11:04:03.128,283.55284,-21.05867
15,2012-Mar-15 09:57:12.067,283.67521,-21.03968
16,2012-Mar-22 18:13:07.587,283.78951,-21.019
17,2012-Apr-02 06:20:19.997,283.87989,-20.99541
18,2012-Apr-30 05:22:48.014,283.69981,-20.97073
19,2012-May-08 06:39:35.635,283.54062,-20.97411
20,2012-May-14 08:46:10.527,283.39203,-20.97957
21,2012-May-19 13:32:18.340,283.24737,-20.98612
22,2012-May-24 05:26:37.805,283.10487,-20.99337
23,2012-May-28 12:40:17.073,282.96377,-21.00113
24,2012-Jun-01 13:40:11.901,282.82364,-21.00926
25,2012-Jun-05 10:00:53.672,282.68423,-21.0177
26,2012-Jun-09 02:46:16.370,282.54536,-21.02641
27,2012-Jun-12 16:42:18.363,282.40693,-21.03535
28,2012-Jun-16 04:25:36.807,282.26891,-21.04449
29,2012-Jun-19 14:26:56.962,282.13125,-21.0538
30,2012-Jun-22 23:12:50.904,281.99391,-21.06328
31,2012-Jun-26 07:06:50.850,281.85689,-21.0729
32,2012-Jun-29 14:30:12.925,281.72014,-21.08266
33,2012-Jul-02 21:42:16.134,281.58366,-21.09255
34,2012-Jul-06 05:00:35.741,281.44743,-21.10258
35,2012-Jul-09 12:42:02.293,281.31144,-21.11275
36,2012-Jul-12 21:04:29.429,281.17574,-21.12306
37,2012-Jul-16 06:28:01.454,281.04033,-21.13353
38,2012-Jul-19 17:15:31.277,280.90527,-21.14414
39,2012-Jul-23 05:53:38.060,280.77058,-21.15492
40,2012-Jul-26 20:53:58.768,280.63633,-21.16588
41,2012-Jul-30 14:54:18.227,280.50255,-21.17705
42,2012-Aug-03 12:40:19.333,280.36933,-21.18847
43,2012-Aug-07 15:10:24.860,280.23681,-21.20018
44,2012-Aug-11 23:45:39.852,280.10525,-21.21224
45,2012-Aug-16 16:26:00.055,279.97501,-21.22473
46,2012-Aug-21 20:20:10.336,279.84672,-21.23777
47,2012-Aug-27 16:52:28.070,279.72152,-21.25159
48,2012-Sep-03 16:33:01.279,279.60195,-21.26661
49,2012-Sep-12 21:39:35.622,279.49644,-21.28372
50,2012-Sep-29 08:54:54.879,279.46299,-21.30551
51,2012-Nov-01 03:02:37.373,279.97337,-21.31
52,2012-Nov-06 08:13:39.101,280.11827,-21.30548
53,2012-Nov-11 00:40:45.353,280.26122,-21.30015
54,2012-Nov-15 08:15:24.047,280.4029,-21.29416
55,2012-Nov-19 09:16:45.414,280.54363,-21.28763
56,2012-Nov-23 05:18:02.029,280.68365,-21.28062
57,2012-Nov-26 21:23:30.189,280.82312,-21.27319
58,2012-Nov-30 10:19:02.521,280.96217,-21.26536
59,2012-Dec-03 20:39:04.197,281.10085,-21.25715
60,2012-Dec-07 04:50:34.892,281.23922,-21.2486
61,2012-Dec-10 11:15:38.754,281.3773,-21.2397
62,2012-Dec-13 16:13:08.014,281.51511,-21.23048
63,2012-Dec-16 20:00:02.814,281.65267,-21.22095
64,2012-Dec-19 22:51:54.751,281.78999,-21.21111
65,2012-Dec-23 01:02:20.446,281.9271,-21.20099
66,2012-Dec-26 02:43:12.126,282.064,-21.19056
67,2012-Dec-29 04:05:12.099,282.20072,-21.17985
68,2013-Jan-01 05:18:19.593,282.33724,-21.16884
69,2013-Jan-04 06:32:13.109,282.47358,-21.15754
70,2013-Jan-07 07:56:34.978,282.60972,-21.14595
71,2013-Jan-10 09:41:40.138,282.74565,-21.13406
72,2013-Jan-13 11:58:46.598,282.88136,-21.12189
73,2013-Jan-16 15:00:25.585,283.01683,-21.10942
74,2013-Jan-19 18:59:56.050,283.15207,-21.09664
0,2013-Jan-20 00:00:00.000,283.16089,-21.0958
1,2013-Jan-23 05:16:37.314,283.29586,-21.08269
2,2013-Jan-26 12:01:33.087,283.43056,-21.06927
3,2013-Jan-29 20:32:16.964,283.56496,-21.0555
4,2013-Feb-02 07:09:15.756,283.69903,-21.04139
5,2013-Feb-05 20:17:24.570,283.8327,-21.0269
6,2013-Feb-09 12:28:27.794,283.9659,-21.01203
7,2013-Feb-13 08:23:59.834,284.09851,-20.99675
8,2013-Feb-17 08:58:26.736,284.23044,-20.98101
9,2013-Feb-21 15:23:44.008,284.3615,-20.96476
10,2013-Feb-26 05:19:48.625,284.49145,-20.94793
11,2013-Mar-03 05:15:02.850,284.61981,-20.9304
12,2013-Mar-08 19:10:50.112,284.74572,-20.91203
13,2013-Mar-15 06:36:11.398,284.86738,-20.89257
14,2013-Mar-23 08:06:05.424,284.98035,-20.8715
15,2013-Apr-04 03:20:00.541,285.06618,-20.84773
16,2013-May-11 14:18:27.527,284.71358,-20.83478
17,2013-May-18 01:06:46.965,284.56573,-20.842
18,2013-May-23 14:14:06.343,284.42173,-20.85014
19,2013-May-28 14:21:16.698,284.27978,-20.85892
20,2013-Jun-02 05:38:20.782,284.13912,-20.86818
21,2013-Jun-06 14:30:38.275,283.99941,-20.87781
22,2013-Jun-10 18:36:54.214,283.86046,-20.88775
23,2013-Jun-14 19:08:58.303,283.72211,-20.89793
24,2013-Jun-18 17:01:17.758,283.58427,-20.90834
25,2013-Jun-22 12:56:34.960,283.44685,-20.91894
26,2013-Jun-26 07:28:55.315,283.30979,-20.92973
27,2013-Jun-30 01:06:05.965,283.17305,-20.9407
28,2013-Jul-03 18:13:34.035,283.03665,-20.95183
29,2013-Jul-07 11:16:58.247,282.9006,-20.96313
30,2013-Jul-11 04:42:34.678,282.76489,-20.97458
31,2013-Jul-14 22:57:47.378,282.62954,-20.9862
32,2013-Jul-18 18:31:48.096,282.49457,-20.99799
33,2013-Jul-22 15:56:11.769,282.35999,-21.00996
34,2013-Jul-26 15:45:39.828,282.22585,-21.02214
35,2013-Jul-30 18:41:18.474,282.09222,-21.03455
36,2013-Aug-04 01:37:13.914,281.95926,-21.04722
37,2013-Aug-08 13:46:54.993,281.82713,-21.06018
38,2013-Aug-13 08:53:08.402,281.6961,-21.0735
39,2013-Aug-18 13:26:20.882,281.56656,-21.08727
40,2013-Aug-24 07:20:03.760,281.43916,-21.10165
41,2013-Aug-30 21:20:47.086,281.31544,-21.11687
42,2013-Sep-07 21:59:53.216,281.19924,-21.13335
43,2013-Sep-19 04:02:38.681,281.10457,-21.15214
44,2013-Oct-16 09:31:55.072,281.21578,-21.17373
45,2013-Oct-27 02:10:16.212,281.38709,-21.17199
46,2013-Nov-03 05:49:31.653,281.53831,-21.16742
47,2013-Nov-09 04:07:42.700,281.68427,-21.16155
48,2013-Nov-14 09:58:26.527,281.82758,-21.15479
49,2013-Nov-19 05:03:26.968,281.96933,-21.14736
50,2013-Nov-23 16:26:02.771,282.11004,-21.13934
51,2013-Nov-27 21:59:17.269,282.24997,-21.13082
52,2013-Dec-01 23:00:35.215,282.38928,-21.12184
53,2013-Dec-05 20:27:03.412,282.52807,-21.11245
54,2013-Dec-09 15:03:45.771,282.6664,-21.10268
55,2013-Dec-13 07:26:44.793,282.80435,-21.09255
56,2013-Dec-16 22:04:12.614,282.94198,-21.08206
57,2013-Dec-20 11:18:51.601,283.07932,-21.07124
58,2013-Dec-23 23:29:58.135,283.21638,-21.06009
59,2013-Dec-27 10:54:46.342,283.35319,-21.04861
60,2013-Dec-30 21:49:25.179,283.48974,-21.03681
61,2014-Jan-03 08:29:51.507,283.62602,-21.0247
62,2014-Jan-06 19:12:32.123,283.76203,-21.01228
63,2014-Jan-10 06:13:51.831,283.89778,-20.99955
64,2014-Jan-13 17:49:38.556,284.03327,-20.9865
65,2014-Jan-17 06:15:44.426,284.1685,-20.97312
0,2014-Jan-20 00:00:00.000,284.27239,-20.9626
1,2014-Jan-23 14:37:40.572,284.40711,-20.94863
2,2014-Jan-27 06:57:52.589,284.54148,-20.93432
3,2014-Jan-31 01:26:01.277,284.67545,-20.91965
4,2014-Feb-03 22:33:56.360,284.80896,-20.90461
5,2014-Feb-07 23:01:01.063,284.94196,-20.88918
6,2014-Feb-12 03:35:09.114,285.07436,-20.87331
7,2014-Feb-16 13:17:35.021,285.20602,-20.85697
8,2014-Feb-21 05:31:31.577,285.33675,-20.8401
9,2014-Feb-26 06:17:34.580,285.46616,-20.82265
10,2014-Mar-03 18:45:21.406,285.59366,-20.8045
11,2014-Mar-10 00:20:11.972,285.71821,-20.78548
12,2014-Mar-17 09:19:27.893,285.83752,-20.76528
13,2014-Mar-26 22:20:59.739,285.94466,-20.74336
14,2014-Apr-11 18:32:36.867,285.99928,-20.71899
15,2014-Jun-25 15:32:06.393,284.46803,-20.80706
16,2014-Jun-29 19:23:53.344,284.33127,-20.81894
17,2014-Jul-03 22:24:51.419,284.19495,-20.831
18,2014-Jul-08 01:11:50.955,284.05904,-20.84324
19,2014-Jul-12 04:19:29.183,283.92352,-20.85568
20,2014-Jul-16 08:21:06.109,283.78839,-20.86831
21,2014-Jul-20 13:50:41.483,283.65368,-20.88114
22,2014-Jul-24 21:28:14.052,283.51948,-20.89418
23,2014-Jul-29 08:03:38.523,283.38586,-20.90744
24,2014-Aug-02 22:39:25.009,283.25294,-20.92096
25,2014-Aug-07 18:35:50.544,283.12087,-20.93478
26,2014-Aug-12 21:40:01.477,282.98983,-20.94897
27,2014-Aug-18 10:23:08.094,282.86026,-20.9636
28,2014-Aug-24 12:48:41.003,282.73295,-20.9788
29,2014-Aug-31 12:20:30.515,282.60944,-20.99477
30,2014-Sep-09 00:38:05.775,282.49341,-21.01194
31,2014-Sep-20 22:34:51.675,282.39878,-21.03118
32,2014-Oct-19 20:31:01.472,282.51365,-21.05079
33,2014-Oct-31 00:19:24.133,282.68411,-21.0471
34,2014-Nov-07 12:51:58.054,282.83468,-21.04097
35,2014-Nov-13 19:26:20.184,282.98019,-21.03361
36,2014-Nov-19 08:59:59.967,283.12318,-21.0254
37,2014-Nov-24 11:19:02.108,283.26459,-21.01651
38,2014-Nov-29 05:39:49.165,283.40487,-21.00707
39,2014-Dec-03 18:08:48.735,283.54431,-20.99714
40,2014-Dec-08 02:11:14.714,283.68311,-20.98676
41,2014-Dec-12 06:46:25.805,283.82141,-20.97595
42,2014-Dec-16 08:39:02.231,283.95927,-20.96476
43,2014-Dec-20 08:25:30.869,284.09673,-20.95319
44,2014-Dec-24 06:37:12.788,284.23381,-20.94126
45,2014-Dec-28 03:42:32.561,284.37053,-20.92899
46,2015-Jan-01 00:07:23.102,284.50692,-20.91638
47,2015-Jan-04 20:14:26.523,284.643,-20.90343
48,2015-Jan-08 16:24:11.187,284.77879,-20.89013
49,2015-Jan-12 12:56:38.812,284.91427,-20.87649
50,2015-Jan-16 10:12:55.141,285.04942,-20.86251
0,2015-Jan-20 00:00:00.000,285.17203,-20.8495
1,2015-Jan-23 23:47:47.784,285.30646,-20.83486
2,2015-Jan-28 01:38:23.599,285.44046,-20.81985
3,2015-Feb-01 06:07:07.608,285.57401,-20.80445
4,2015-Feb-05 13:54:41.404,285.70705,-20.78865
5,2015-Feb-10 01:51:34.521,285.83946,-20.77241
6,2015-Feb-14 19:04:35.264,285.97109,-20.7557
7,2015-Feb-19 19:07:14.365,286.10168,-20.73849
8,2015-Feb-25 04:18:33.187,286.23087,-20.72069
9,2015-Mar-03 02:12:24.405,286.35813,-20.70219
10,2015-Mar-09 18:41:47.602,286.48234,-20.68283
11,2015-Mar-17 17:15:40.102,286.60089,-20.66234
12,2015-Mar-28 03:05:31.243,286.70555,-20.64027
13,2015-Apr-15 10:00:32.955,286.7444,-20.6164
14,2015-May-29 20:31:16.661,286.11342,-20.64227
15,2015-Jun-04 13:49:03.283,285.97212,-20.65324
16,2015-Jun-09 21:32:40.769,285.83218,-20.66465
17,2015-Jun-14 22:31:09.853,285.69323,-20.67643
18,2015-Jun-19 18:39:13.545,285.55511,-20.6885
19,2015-Jun-24 11:24:14.010,285.41767,-20.70082
20,2015-Jun-29 01:53:52.133,285.2808,-20.71338
21,2015-Jul-03 15:02:11.246,285.14443,-20.72617
22,2015-Jul-08 03:34:29.383,285.0085,-20.73918
23,2015-Jul-12 16:12:06.678,284.87304,-20.75239
24,2015-Jul-17 05:39:01.571,284.73806,-20.7658
25,2015-Jul-21 20:42:42.222,284.60366,-20.77942
26,2015-Jul-26 14:20:35.509,284.46985,-20.79327
27,2015-Jul-31 11:36:27.132,284.3367,-20.80738
28,2015-Aug-05 13:47:16.045,284.20432,-20.82179
29,2015-Aug-10 22:33:54.916,284.07297,-20.83653
30,2015-Aug-16 16:27:09.408,283.94307,-20.85168
31,2015-Aug-22 23:25:46.617,283.81526,-20.86733
32,2015-Aug-30 02:15:45.282,283.69071,-20.88369
33,2015-Sep-07 14:14:24.723,283.57231,-20.90105
34,2015-Sep-18 22:26:28.703,283.47016,-20.91998
35,2015-Oct-10 19:18:26.448,283.46476,-20.94074
36,2015-Nov-04 05:27:00.426,283.75293,-20.93655
37,2015-Nov-11 22:56:34.377,283.90264,-20.929
38,2015-Nov-18 11:00:11.382,284.04747,-20.92035
39,2015-Nov-24 06:22:02.113,284.18982,-20.91092
40,2015-Nov-29 14:48:40.132,284.33066,-20.90083
41,2015-Dec-04 15:28:52.550,284.47047,-20.89019
42,2015-Dec-09 10:21:59.633,284.60948,-20.87906
43,2015-Dec-14 00:53:41.880,284.74782,-20.86749
44,2015-Dec-18 12:09:35.429,284.88558,-20.85551
45,2015-Dec-22 21:01:57.325,285.02285,-20.84313
46,2015-Dec-27 04:12:14.859,285.1597,-20.83036
47,2015-Dec-31 10:13:36.814,285.29618,-20.81722
48,2016-Jan-04 15:35:26.070,285.43227,-20.80372
49,2016-Jan-08 20:46:29.903,285.56799,-20.78985
50,2016-Jan-13 02:16:15.936,285.70331,-20.77564
51,2016-Jan-17 08:36:02.324,285.83821,-20.76106
0,2016-Jan-20 00:00:00.000,285.92072,-20.75194
1,2016-Jan-24 08:50:21.294,286.05495,-20.73675
2,2016-Jan-28 20:00:16.402,286.18871,-20.72118
3,2016-Feb-02 10:12:14.612,286.32193,-20.7052
4,2016-Feb-07 04:20:31.244,286.4545,-20.68879
5,2016-Feb-12 03:37:17.809,286.58624,-20.67194
6,2016-Feb-17 09:42:06.186,286.71698,-20.65458
7,2016-Feb-23 00:52:45.655,286.84642,-20.63664
8,2016-Feb-29 04:33:01.000,286.97403,-20.61804
9,2016-Mar-07 02:26:10.216,287.09869,-20.59866
10,2016-Mar-15 05:45:07.513,287.21799,-20.57828
11,2016-Mar-25 17:55:46.826,287.3252,-20.55647
12,2016-Apr-12 02:35:22.627,287.3811,-20.53323
13,2016-Jul-11 03:29:00.138,285.69727,-20.66002
14,2016-Jul-16 02:22:07.457,285.56241,-20.67409
15,2016-Jul-21 02:56:17.727,285.42813,-20.6884
16,2016-Jul-26 06:13:57.347,285.29448,-20.70297
17,2016-Jul-31 13:28:22.351,285.1616,-20.71782
18,2016-Aug-06 02:18:01.124,285.0297,-20.73297
19,2016-Aug-11 23:02:09.056,284.89907,-20.7485
20,2016-Aug-18 07:00:44.009,284.77012,-20.76448
21,2016-Aug-25 07:27:19.296,284.64369,-20.78105
22,2016-Sep-02 09:54:37.212,284.52178,-20.7984
23,2016-Sep-12 12:35:28.569,284.40965,-20.81691
24,2016-Sep-27 18:56:34.147,284.331,-20.83728
25,2016-Dec-12 06:54:56.434,285.47227,-20.77932
26,2016-Dec-17 05:24:41.296,285.61027,-20.76683
27,2016-Dec-22 00:39:13.180,285.74771,-20.7539
28,2016-Dec-26 17:32:50.003,285.88462,-20.74056
29,2016-Dec-31 08:53:25.729,286.02103,-20.72684
30,2017-Jan-04 23:24:46.227,286.15695,-20.71273
31,2017-Jan-09 13:47:56.007,286.29242,-20.69824
32,2017-Jan-14 04:41:23.297,286.42745,-20.68336
33,2017-Jan-18 20:41:35.242,286.56203,-20.6681
0,2017-Jan-20 00:00:00.000,286.59449,-20.66435
1,2017-Jan-24 18:18:57.257,286.72844,-20.6486
2,2017-Jan-29 15:24:52.938,286.86178,-20.63244
3,2017-Feb-03 16:19:55.522,286.99443,-20.61585
4,2017-Feb-08 22:22:30.847,287.12628,-20.5988
5,2017-Feb-14 11:12:32.541,287.25716,-20.58124
6,2017-Feb-20 09:07:15.108,287.38672,-20.56313
7,2017-Feb-26 19:40:43.383,287.51438,-20.54439
8,2017-Mar-06 00:58:59.575,287.63905,-20.5249
9,2017-Mar-14 12:43:17.143,287.75857,-20.50442
10,2017-Mar-25 10:20:46.104,287.86621,-20.48267
11,2017-Apr-12 06:56:42.651,287.92402,-20.45987
12,2017-Jul-28 19:43:05.898,285.94942,-20.62931
13,2017-Aug-03 14:39:27.297,285.81724,-20.64483
14,2017-Aug-09 16:55:49.279,285.68621,-20.66072
15,2017-Aug-16 05:35:54.786,285.55672,-20.67703
16,2017-Aug-23 09:29:27.739,285.42963,-20.69385
17,2017-Aug-31 13:30:57.827,285.30656,-20.71137
18,2017-Sep-10 12:35:23.249,285.19138,-20.7299
19,2017-Sep-24 14:31:02.394,285.10006,-20.7499
20,2017-Nov-01 20:31:33.391,285.29883,-20.76068
21,2017-Nov-12 00:52:57.024,285.455,-20.75206
22,2017-Nov-19 22:59:14.591,285.60201,-20.74207
23,2017-Nov-26 19:39:09.751,285.74523,-20.73118
24,2017-Dec-03 01:11:43.454,285.88631,-20.7196
25,2017-Dec-08 20:44:38.766,286.02603,-20.70742
26,2017-Dec-14 09:13:42.374,286.1648,-20.69473
27,2017-Dec-19 16:37:26.516,286.30272,-20.68156
28,2017-Dec-24 20:26:52.583,286.43993,-20.66794
29,2017-Dec-29 21:54:39.554,286.57652,-20.65391
30,2018-Jan-03 22:00:19.369,286.71257,-20.63946
31,2018-Jan-08 21:33:01.115,286.84813,-20.6246
32,2018-Jan-13 21:18:02.350,286.98316,-20.60934
33,2018-Jan-18 22:04:45.267,287.11763,-20.59368
0,2018-Jan-20 00:00:00.000,287.14617,-20.5903
1,2018-Jan-25 03:15:54.460,287.27989,-20.57414
2,2018-Jan-30 09:45:05.148,287.41295,-20.55755
3,2018-Feb-04 20:41:25.803,287.54527,-20.54051
4,2018-Feb-10 13:36:09.032,287.67666,-20.52298
5,2018-Feb-16 14:39:58.782,287.80679,-20.50493
6,2018-Feb-23 03:10:35.763,287.93522,-20.48629
7,2018-Mar-02 08:24:05.096,288.06118,-20.46695
8,2018-Mar-10 15:33:42.339,288.18306,-20.44676
9,2018-Mar-20 20:46:29.802,288.29628,-20.42551
10,2018-Apr-04 16:17:43.551,288.38281,-20.40301
11,2018-May-21 03:20:36.246,288.05562,-20.40519
12,2018-May-29 17:20:15.688,287.90869,-20.41716
13,2018-Jun-06 03:02:01.423,287.76594,-20.42988
14,2018-Jun-12 20:30:56.498,287.62546,-20.44312
15,2018-Jun-19 03:40:35.139,287.48656,-20.45676
16,2018-Jun-25 04:12:23.426,287.34884,-20.47076
17,2018-Jul-01 00:35:31.466,287.21201,-20.48506
18,2018-Jul-06 18:36:21.920,287.07593,-20.49966
19,2018-Jul-12 11:43:54.528,286.9406,-20.51452
20,2018-Jul-18 05:25:18.260,286.80606,-20.52965
21,2018-Jul-24 01:15:54.859,286.67234,-20.54506
22,2018-Jul-30 00:56:49.906,286.53947,-20.56078
23,2018-Aug-05 06:25:49.291,286.40763,-20.57683
24,2018-Aug-11 20:21:55.280,286.27718,-20.59325
25,2018-Aug-18 22:50:34.738,286.14873,-20.61013
26,2018-Aug-26 20:39:47.315,286.02322,-20.62759
27,2018-Sep-05 02:19:56.894,285.90296,-20.64583
28,2018-Sep-16 22:13:47.697,285.79529,-20.66516
29,2018-Oct-06 15:12:46.077,285.74228,-20.68549
30,2018-Dec-31 13:45:43.639,287.13722,-20.58064
31,2019-Jan-05 22:44:21.535,287.27312,-20.56566
32,2019-Jan-11 07:12:56.863,287.40838,-20.55027
33,2019-Jan-16 16:16:02.366,287.543,-20.53445
0,2019-Jan-20 00:00:00.000,287.62509,-20.52455
1,2019-Jan-25 12:15:06.976,287.75869,-20.50803
2,2019-Jan-31 03:59:47.987,287.89155,-20.49107
3,2019-Feb-06 00:44:50.457,288.02349,-20.47365
4,2019-Feb-12 04:34:54.503,288.15428,-20.45571
5,2019-Feb-18 18:24:21.964,288.28361,-20.43722
6,2019-Feb-25 22:30:21.144,288.41094,-20.41809
7,2019-Mar-06 00:01:18.997,288.53497,-20.39822
8,2019-Mar-15 13:34:39.975,288.65286,-20.37744
9,2019-Mar-28 04:58:29.576,288.7559,-20.35552
10,2019-Apr-20 08:16:42.268,288.77909,-20.33453
11,2019-May-27 11:59:17.711,288.39128,-20.35572
12,2019-Jun-04 18:27:37.849,288.24688,-20.36868
13,2019-Jun-12 02:56:28.814,288.10571,-20.38223
14,2019-Jun-18 22:30:16.514,287.96646,-20.39624
15,2019-Jun-25 09:55:41.613,287.82849,-20.41062
16,2019-Jul-01 16:10:49.508,287.69156,-20.42534
17,2019-Jul-07 19:32:00.591,287.55559,-20.44036
18,2019-Jul-13 21:59:44.482,287.4205,-20.45566
19,2019-Jul-20 01:21:52.338,287.28621,-20.47127
20,2019-Jul-26 07:21:13.565,287.1528,-20.48717
21,2019-Aug-01 17:57:19.651,287.02044,-20.50339
22,2019-Aug-08 11:50:28.554,286.88943,-20.51997
23,2019-Aug-15 16:49:50.800,286.76013,-20.53698
24,2019-Aug-23 14:33:59.511,286.6333,-20.5545
25,2019-Sep-01 15:06:41.930,286.51079,-20.57268
26,2019-Sep-12 17:13:14.701,286.39732,-20.59178
27,2019-Sep-28 21:39:11.331,286.31264,-20.612
28,2019-Nov-26 09:17:58.202,286.82991,-20.5942
29,2019-Dec-03 18:52:35.148,286.97232,-20.58177
30,2019-Dec-10 13:19:59.458,287.11261,-20.56867
31,2019-Dec-16 22:01:20.445,287.25152,-20.555
32,2019-Dec-23 00:05:04.936,287.38941,-20.54081
33,2019-Dec-28 21:40:32.159,287.5264,-20.52615
34,2020-Jan-03 16:33:41.927,287.66259,-20.51103
35,2020-Jan-09 10:13:48.184,287.79805,-20.49547
36,2020-Jan-15 03:57:38.327,287.93286,-20.47946
0,2020-Jan-20 00:00:00.000,288.04503,-20.46574
1,2020-Jan-25 21:00:31.107,288.17849,-20.44893
2,2020-Jan-31 21:54:33.930,288.31104,-20.43165
3,2020-Feb-07 04:38:49.119,288.44258,-20.41387
4,2020-Feb-13 19:42:24.438,288.57288,-20.39557
5,2020-Feb-20 22:32:45.725,288.70146,-20.37669
6,2020-Feb-28 18:52:52.844,288.82739,-20.35714
7,2020-Mar-08 19:16:25.829,288.94897,-20.3368
8,2020-Mar-19 22:32:22.054,289.06172,-20.31548
9,2020-Apr-05 05:40:47.068,289.14538,-20.29334
10,2020-Jun-02 22:05:15.656,288.65867,-20.31483
11,2020-Jun-10 21:20:46.922,288.5168,-20.32869
12,2020-Jun-18 04:45:26.993,288.37713,-20.34305
13,2020-Jun-25 02:21:17.307,288.23905,-20.35779
14,2020-Jul-01 18:04:08.569,288.10222,-20.37289
15,2020-Jul-08 06:45:58.958,287.96639,-20.38831
16,2020-Jul-14 18:36:04.128,287.83146,-20.40404
17,2020-Jul-21 07:33:54.659,287.69749,-20.42008
18,2020-Jul-27 23:53:50.215,287.56462,-20.43643
19,2020-Aug-03 22:19:25.060,287.43298,-20.45314
20,2020-Aug-11 06:12:19.297,287.30284,-20.47024
21,2020-Aug-19 04:25:59.547,287.17493,-20.4878
22,2020-Aug-28 01:35:56.355,287.05066,-20.50595
23,2020-Sep-07 15:11:00.678,286.933,-20.52488
24,2020-Sep-21 19:17:04.042,286.83312,-20.5448
25,2020-Oct-20 18:33:05.058,286.8555,-20.56198
26,2020-Nov-12 04:26:38.102,287.07741,-20.55134
27,2020-Nov-22 06:30:18.821,287.2279,-20.5398
28,2020-Nov-30 14:58:10.146,287.37211,-20.52727
29,2020-Dec-08 01:59:40.040,287.51344,-20.514
30,2020-Dec-14 23:46:55.060,287.65299,-20.5001
31,2020-Dec-21 12:54:53.934,287.79115,-20.48566
32,2020-Dec-27 20:32:23.054,287.92826,-20.47071
33,2021-Jan-03 00:52:10.916,288.0645,-20.45527
34,2021-Jan-09 03:35:30.391,288.19998,-20.43938
35,2021-Jan-15 06:12:12.287,288.33464,-20.42304
0,2021-Jan-20 00:00:00.000,288.43773,-20.41014
1,2021-Jan-26 06:25:40.554,288.57086,-20.39297
2,2021-Feb-01 17:32:11.563,288.70305,-20.37532
3,2021-Feb-08 11:33:59.072,288.83407,-20.35716
4,2021-Feb-15 15:41:11.846,288.96349,-20.33845
5,2021-Feb-23 10:55:24.615,289.09067,-20.31912
6,2021-Mar-04 05:37:33.228,289.21447,-20.29906
7,2021-Mar-14 16:06:26.662,289.33178,-20.27815
8,2021-Mar-28 14:48:25.966,289.43232,-20.25631
9,2021-Apr-24 21:20:37.942,289.43116,-20.23753
10,2021-May-22 23:49:23.614,289.16887,-20.25309
11,2021-Jun-02 02:29:10.039,289.021,-20.26653
12,2021-Jun-10 16:48:17.938,288.87826,-20.28068
13,2021-Jun-18 11:48:46.507,288.73831,-20.29534
14,2021-Jun-25 19:36:45.288,288.60019,-20.31042
15,2021-Jul-02 20:52:16.692,288.46332,-20.32587
16,2021-Jul-09 18:38:57.159,288.32758,-20.34164
17,2021-Jul-16 15:36:12.593,288.19295,-20.35774
18,2021-Jul-23 14:20:19.019,288.05941,-20.37417
19,2021-Jul-30 17:30:44.046,287.927,-20.39094
20,2021-Aug-07 04:10:27.596,287.79603,-20.40808
21,2021-Aug-15 02:47:40.896,287.66707,-20.42565
22,2021-Aug-23 20:36:59.796,287.54101,-20.44375
23,2021-Sep-02 22:29:12.904,287.41987,-20.4625
24,2021-Sep-15 14:24:06.107,287.31015,-20.48209
25,2021-Oct-05 15:36:34.770,287.24465,-20.50211
0,2022-Jan-20 00:00:00.000,288.76591,-20.36255
1,2022-Jan-26 15:16:03.600,288.89898,-20.34515
2,2022-Feb-02 11:30:14.856,289.03094,-20.32725
3,2022-Feb-09 15:33:29.552,289.16149,-20.30883
4,2022-Feb-17 07:27:36.861,289.29029,-20.28983
5,2022-Feb-25 17:12:06.882,289.41656,-20.27018
6,2022-Mar-07 07:27:39.004,289.53844,-20.2498
7,2022-Mar-19 02:21:29.185,289.65146,-20.22855
8,2022-Apr-05 05:17:46.967,289.73662,-20.20669
9,2022-Jun-02 14:05:30.030,289.32241,-20.22492
10,2022-Jun-11 15:47:17.355,289.17949,-20.23939
11,2022-Jun-19 20:33:09.521,289.03954,-20.2544
12,2022-Jun-27 13:14:51.093,288.90141,-20.26983
13,2022-Jul-04 22:57:43.131,288.76479,-20.28563
14,2022-Jul-12 05:30:29.746,288.62944,-20.30178
15,2022-Jul-19 11:58:44.556,288.49519,-20.31826
16,2022-Jul-26 21:05:47.016,288.36213,-20.33509
17,2022-Aug-03 12:04:54.821,288.23053,-20.35228
18,2022-Aug-11 13:17:20.306,288.10074,-20.36988
19,2022-Aug-20 06:56:06.056,287.97337,-20.38796
20,2022-Aug-30 03:24:51.396,287.85018,-20.40663
21,2022-Sep-11 01:41:47.548,287.73538,-20.42603
22,2022-Sep-27 23:13:29.620,287.64569,-20.44616
23,2022-Nov-16 00:54:35.374,287.90538,-20.44471
24,2022-Nov-26 19:42:39.924,288.05546,-20.43203
25,2022-Dec-05 18:36:38.390,288.19916,-20.41843
26,2022-Dec-13 19:25:11.168,288.33987,-20.40411
27,2022-Dec-21 07:02:02.789,288.47873,-20.38918
28,2022-Dec-28 10:24:18.371,288.61616,-20.3737
29,2023-Jan-04 09:02:50.979,288.75239,-20.3577
30,2023-Jan-11 05:37:38.962,288.88764,-20.34121
31,2023-Jan-18 02:17:26.561,289.02193,-20.32423
0,2023-Jan-20 00:00:00.000,289.05879,-20.31946
1,2023-Jan-26 23:54:30.658,289.1917,-20.30186
2,2023-Feb-03 05:23:04.374,289.32336,-20.28374
3,2023-Feb-10 19:43:26.324,289.45358,-20.26507
4,2023-Feb-18 23:27:00.589,289.58179,-20.24582
5,2023-Feb-28 00:04:33.552,289.70684,-20.22591
6,2023-Mar-10 12:09:10.129,289.82658,-20.20523
7,2023-Mar-23 21:35:22.525,289.93411,-20.18371
8,2023-Apr-14 21:58:46.271,289.98991,-20.16282
9,2023-Aug-16 00:49:49.919,288.3727,-20.33543
10,2023-Aug-25 16:01:47.133,288.24756,-20.35398
11,2023-Sep-05 22:25:16.549,288.12846,-20.37318
12,2023-Sep-20 14:23:27.160,288.02448,-20.39314
13,2023-Oct-17 08:04:54.993,288.00234,-20.41126
14,2023-Nov-26 22:34:29.607,288.37419,-20.38799
15,2023-Dec-06 11:05:18.540,288.51854,-20.37409
16,2023-Dec-14 22:13:06.195,288.6595,-20.35946
17,2023-Dec-22 18:42:22.753,288.79828,-20.3442
18,2023-Dec-30 06:38:08.193,288.93554,-20.32838
19,2024-Jan-06 13:46:45.013,289.07162,-20.31203
20,2024-Jan-13 18:57:56.289,289.20656,-20.29517
0,2024-Jan-20 00:00:00.000,289.32139,-20.28031
1,2024-Jan-27 08:44:27.776,289.45418,-20.26252
2,2024-Feb-03 23:28:46.897,289.58568,-20.2442
3,2024-Feb-11 23:54:23.539,289.71549,-20.22533
4,2024-Feb-20 15:42:07.564,289.84292,-20.20585
5,2024-Mar-01 08:19:43.072,289.96684,-20.18569
6,2024-Mar-12 20:02:21.407,290.08405,-20.16476
7,2024-Mar-28 05:04:26.723,290.18379,-20.14315
8,2024-Apr-28 01:06:37.900,290.17112,-20.12654
9,2024-May-25 07:12:10.937,289.93614,-20.14307
10,2024-Jun-05 16:36:25.480,289.78796,-20.15767
11,2024-Jun-15 07:50:22.183,289.64571,-20.17291
12,2024-Jun-24 02:23:53.162,289.50649,-20.18864
13,2024-Jul-02 09:45:42.088,289.36916,-20.2048
14,2024-Jul-10 11:22:08.860,289.23342,-20.22134
15,2024-Jul-18 11:37:42.266,289.09915,-20.23825
16,2024-Jul-26 14:31:30.815,288.96627,-20.25552
17,2024-Aug-04 00:04:12.063,288.83501,-20.27318
18,2024-Aug-12 21:40:26.760,288.70597,-20.29126
19,2024-Aug-22 15:57:34.445,288.58007,-20.30985
20,2024-Sep-02 22:09:23.605,288.4596,-20.32905
21,2024-Sep-17 05:18:42.993,288.35209,-20.34893
22,2024-Oct-11 00:15:46.947,288.30129,-20.36808
