,Unnamed: 0,Unnamed: 0.1,Unnamed: 0.1.1,Unnamed: 0.1.1.1,Unnamed: 0.1.1.1.1,source_id,ra,dec,g_abs,bp_rp,parallax,parallax_error,dist,date,pmra,pmdec,adv_ra,adv_dec,eph_pt,time_total,num,num_hit,reach_time_years,reach_time_days,year,reach_year,return_year
0,0,0,0,0,0,3618803417701443072,208.80174216827487,-8.707085138213362,9.196508313491623,2.4833622,28.743696000000003,0.056077782,34.790236878296085,2006-Jan-20 14:11:26.161,-263.0916,27.56662,208.793453593928,-8.706216665155491,16,0.0002456629372427983,0.0,11.0,113.41617222324523,41424.12274281809,2006,2119.416172223245,2232.8323444464904
1,1,95,95,95,1089,4117657650084825472,263.3719437368399,-21.825692784434448,11.429568840963073,2.644228,27.46431,0.02911619,36.410891487920715,2007-Dec-27 09:18:04.282,-256.09283,-168.99721,263.36349981536085,-21.83126497919909,845,0.0006220857178069274,1089.0,19.0,118.69950625062152,43353.80766297701,2007,2125.6995062506217,2244.3990125012433
2,2,17,17,17,119,3635672468691948672,199.0015645758204,-5.295677781278198,13.527578730999627,3.7725868,26.199251,0.07313506,38.16902984452553,2006-Mar-21 14:28:27.372,114.10433,-191.11124,199.0055085013052,-5.302283389175198,101,3.644105259773663e-05,119.0,7.0,124.43103729315322,45447.19206095128,2006,2130.431037293153,2254.8620745863063
3,3,72,72,72,766,4127569403769839488,255.8942060382795,-21.730916080109573,12.664875697868615,3.2540312,26.233635,0.044016864,38.11900264505256,2007-Feb-18 12:50:45.544,-4.3059363,-203.04753,255.8940574020841,-21.737925057985137,647,0.000233863811728395,766.0,16.0,124.26794862287134,45387.625555017534,2007,2131.2679486228712,2255.5358972457425
4,4,132,132,132,2462,4084898525733384832,284.0462265284358,-20.96409261327819,12.317519092851054,3.209919,26.656643,0.03803892,37.51410120295443,2012-Mar-15 09:57:12.067,64.882774,-197.32709,284.04843066959376,-20.970796037403613,1354,0.017359770983367627,2462.0,220.0,122.29596992163142,44667.38005417666,2012,2134.2959699216312,2256.5919398432625
5,5,57,57,57,417,4129827968133894784,250.38971581613288,-21.625861460466734,9.211510850054363,2.200612,24.692692,0.015868815,40.497812388334935,2007-Jan-09 22:42:47.054,140.0252,-67.803024,250.3948509673364,-21.628348004053827,604,5.883367091049384e-05,417.0,7.0,132.0228683859719,48220.032449292376,2007,2139.022868385972,2271.0457367719437
6,6,87,87,87,953,4070367444458173568,268.9591392047312,-21.91475514416911,12.573773329399884,3.3291426,23.488811,0.046800803,42.57346099871521,2008-Feb-11 18:44:52.045,-55.03448,-48.361908,268.9570174788216,-21.916619624603907,886,0.0003689321844993143,953.0,20.0,138.78948285581157,50691.47071825662,2008,2146.7894828558115,2285.578965711623
7,7,100,100,100,1206,4070503994477694592,267.2450454909461,-21.9778062297486,11.95362610211621,2.9262571,23.324146,0.30577472,42.874023700236414,2008-Jan-25 18:19:01.420,-20.437628,-106.26786,267.2442520032883,-21.98193206257617,873,0.0003064177169067215,1206.0,19.0,139.7693172627707,51049.34543705437,2008,2147.7693172627705,2287.538634525541
8,8,99,99,99,1187,4070503990056958336,267.2450393888884,-21.977931009028644,11.84562647631737,2.9260406000000003,22.995283,0.10821306,43.48717928300666,2008-Jan-25 18:19:01.420,-32.004345,-97.7036,267.24377905495874,-21.98177858534592,873,0.0003064177169067215,1187.0,19.0,141.76820446260172,51779.41899792065,2008,2149.7682044626017,2291.5364089252034
9,9,38,38,38,284,6309958285320848896,221.50725299973115,-15.304144313085642,14.09521673187223,4.1621275,22.645365,0.16100588,44.15914738130599,2006-Sep-18 13:39:29.188,-466.45255,25.995415,221.48860021864112,-15.303104793019989,384,3.6892896947873795e-05,284.0,7.0,143.95882046305752,52579.51958592713,2006,2149.9588204630577,2293.9176409261154
10,10,15,15,15,105,3631701479368964096,202.34162148144864,-6.44208061149293,10.772132492807785,2.8005142000000003,22.562597,0.022685582000000003,44.321138556054755,2006-Mar-09 16:47:53.369,-39.934917,-53.173622,202.34001868214108,-6.444214749990593,73,3.419241362311385e-05,105.0,7.0,144.4869116927385,52772.39962665581,2006,2150.4869116927384,2294.973823385477
11,11,1,1,1,11,3618810628952377216,208.7777209694316,-8.624115520009106,10.280616168071047,2.4917364,22.48039,0.020791883,44.4832129510116,2006-Feb-05 11:37:22.710,-143.27544,13.068279,208.77194954073138,-8.623589102893138,23,8.106660986796982e-05,11.0,5.0,145.0152742202978,52965.37875622157,2006,2151.0152742202977,2296.0305484405953
12,12,2,2,2,16,3618810628950468736,208.77833820012225,-8.622553657684328,6.726190049778419,1.3343983,22.477114,0.0174454,44.489697934088056,2006-Feb-05 11:37:22.710,-146.20356999999996,17.057655,208.77244796170726,-8.621866440139407,23,8.106660986796982e-05,16.0,5.0,145.03641526512706,52973.10031143501,2006,2151.0364152651273,2296.0728305302546
13,13,91,91,91,1026,4118548834261525248,267.16721184318317,-21.81884527664657,12.088045588672134,2.9913082,22.62839,0.035482474,44.19227476406577,2008-Jan-26 22:56:27.751,-26.131557,-101.54586,267.1661660950483,-21.822908998992734,874,0.0002890275366512346,1026.0,17.0,144.06681573085442,52618.96377753727,2008,2152.0668157308546,2296.1336314617092
14,14,123,123,123,1892,4090107393373324288,277.7801861163046,-21.569339108460994,13.081954618832205,3.4520855000000004,22.208529,0.102349445,45.0277468477494,2010-Jan-21 23:54:13.994,-14.056634,-322.06555,277.77961295482135,-21.582471382520517,1161,0.001649378429355281,1892.0,33.0,146.79045472366303,53613.74568327069,2010,2156.790454723663,2303.580909447326
15,15,24,24,24,172,3629572408245394560,197.00401709024644,-5.976720510245408,14.998771018811151,4.37669,20.840649,0.25042248,47.983151423941536,2006-Jun-09 11:34:28.365,-44.967945,-10.887734,197.0020631680934,-5.977193598028704,183,5.507651748971193e-05,172.0,7.0,156.4250736420494,57132.69389702212,2006,2162.4250736420495,2318.850147284099
16,16,131,131,131,2233,4079606984261389056,280.31321551925384,-21.35831605015489,9.573371457986571,2.2733774,19.996157,0.015543322,50.00961011546924,2010-Mar-14 18:44:54.364,13.222674,123.15146,280.3138143281149,-21.35273894958661,1180,0.0022725315339934844,2233.0,38.0,163.03132897642973,59545.5625953512,2010,2173.03132897643,2336.06265795286
17,17,75,75,75,796,4114977998449557120,258.98373782807755,-21.948456044523677,5.903208403647435,1.0511751,19.407412,0.019801099,51.52670649144237,2007-Nov-26 16:51:02.481,11.854921,-90.72315,258.98429098265086,-21.95268921698265,812,7.905481074245541e-05,796.0,7.0,167.9770631621021,61351.94254932617,2007,2174.9770631621022,2342.9541263242045
18,18,16,16,16,112,3634671088476944256,200.3097444686417,-5.7257002344318195,8.804528823942126,2.442483,19.195213,0.026538214,52.096321277606314,2006-Mar-16 20:44:28.447,-111.272766,-65.61811999999999,200.3044950478367,-5.728795844681718,90,3.4644257973251026e-05,112.0,7.0,169.83400736499658,62030.17284999135,2006,2175.8340073649965,2345.668014729993
19,19,94,94,94,1070,4117659643007165696,263.2556743461988,-21.832145302512888,5.002019902596309,0.8842106,18.847315,0.06695125,53.05795593568982,2007-Dec-26 10:08:34.211,45.0855,-198.1734,263.25784056759124,-21.84166693300878,844,0.000853379120584705,1070.0,19.0,172.9689363503488,63175.1743126014,2007,2179.968936350349,2352.937872700698
20,20,68,68,68,562,4126131826677816960,255.03188674917584,-21.643805028815304,10.125885884865548,2.5841036,18.642738,0.019698134,53.640188562418224,2007-Feb-10 17:02:17.765,-234.358,-172.53363000000004,255.02050299447632,-21.652185713542245,641,0.0003976894718792867,562.0,32.0,174.8670147134834,63868.42845395268,2007,2181.8670147134835,2356.734029426967
21,21,58,58,58,424,4126824793864092160,251.05224373571426,-21.708614571767573,9.83298740319353,2.4769697,18.385004,0.019217877,54.392155564917964,2007-Jan-13 13:08:15.906,111.863464,-93.615555,251.0577535883316,-21.713225620716077,609,6.143756965877916e-05,424.0,7.0,177.31842714163255,64763.78232920988,2007,2184.3184271416326,2361.636854283265
22,22,12,12,12,84,3631698043395203584,202.60738221657203,-6.470214766691438,2.327580342737127,0.43431044,18.118595000000006,0.10211576,55.19191709927468,2006-Mar-08 20:21:19.067,44.70422,11.518409,202.60961650608087,-6.469639083680082,71,3.4315254200960214e-05,84.0,7.0,179.92564974363546,65716.04431236541,2006,2185.9256497436354,2365.851299487271
23,23,13,13,13,91,3631698142179428864,202.60981447389042,-6.4622245792622675,7.2023496270935246,1.5491714,18.086643,0.020318298,55.28941926326191,2006-Mar-08 20:21:19.067,46.3621,13.918517,202.61213571665058,-6.461527711389822,71,3.4315254200960214e-05,91.0,7.0,180.24350679823382,65832.13842298693,2006,2186.2435067982337,2366.4870135964675
24,24,74,74,74,789,4115729652086722560,258.8071938709939,-21.907518063966236,7.776727466913504,1.7376938000000002,18.019297,0.021566328,55.49606178526544,2007-Nov-25 18:50:46.430,-60.656494,-54.78972,258.8041455905715,-21.910271510715976,811,7.906834062071331e-05,789.0,7.0,180.9171614199653,66078.18403702813,2007,2187.9171614199654,2368.834322839931
25,25,73,73,73,782,4115729656381697152,258.80632885827566,-21.907240990953024,11.488018943107136,2.617587,17.909254,0.08442135,55.83705473509168,2007-Nov-25 18:50:46.430,-60.70481,-53.73575200000001,258.8032594047582,-21.909958063790263,811,7.906834062071331e-05,782.0,7.0,182.02879843639886,66484.19834091033,2007,2189.028798436399,2371.057596872798
26,26,6,6,6,42,3630646463602449664,204.89398993108972,-7.287723356164106,9.856484444946188,2.5822267999999995,17.71238,0.017476983,56.45768839294675,2006-Feb-28 06:36:35.270,-53.960423,-29.197268,204.89123117134187,-7.289216084401952,52,6.621843921467763e-05,42.0,7.0,184.0520641610064,67223.17591416599,2006,2190.0520641610065,2374.104128322013
27,27,128,128,128,2085,4079766035488581888,281.51589136779774,-21.194102204533888,5.308049570823735,0.96557236,18.018265,0.019379424,55.499239951052,2011-Feb-15 13:46:55.574,5.8453135000000005,-91.0897,281.51618513972636,-21.198680161947355,1263,0.008159334812242798,2085.0,150.0,180.9275222404295,66081.96822309447,2011,2191.9275222404294,2372.855044480859
28,28,86,86,86,930,4069879609204472960,270.6005733298041,-22.122255711866003,13.514643133253145,3.6924152,17.425478,0.094745114,57.38723500484733,2008-Mar-02 05:35:02.834,9.811954,-43.697212,270.6010832312347,-22.12452654110727,897,0.0008230074909979422,930.0,23.0,187.08238611580228,68329.97070493562,2008,2195.0823861158024,2382.1647722316047
29,29,110,110,110,1449,4070009007975710464,271.344391431034,-21.673721274274172,4.459009783124159,0.79814196,17.269138,0.03173825,57.90676874160178,2008-Apr-03 12:46:44.931,-61.91756,-124.587105,271.3411446080176,-21.680254352703447,905,0.0008428313078703704,1449.0,19.0,188.7760660976218,68948.57038149539,2008,2196.776066097622,2385.5521321952438
30,30,106,106,106,1332,4090236822206675840,276.2148598804708,-21.77976138996652,8.379849348398565,2.0889788,17.319368,0.016624117,57.738826213168075,2009-Feb-24 22:56:03.275,29.48009,-56.609646,276.21640126924086,-21.78272126813468,1054,0.001032400709447874,1332.0,31.0,188.22857345492793,68748.60416867788,2009,2197.2285734549278,2385.4571469098555
31,31,40,40,40,298,6309726116567652736,223.24452756153443,-15.808188874023818,14.32851398863957,3.8085194,16.991072,0.2256346,58.85443941350764,2006-Sep-24 22:44:11.631,-65.18927,-319.1207,223.2410532337291,-15.8251967329953,398,3.698760609567901e-05,298.0,7.0,191.8654724880349,70076.94517152986,2006,2197.865472488035,2389.7309449760696
32,32,67,67,67,546,4126132131616408704,254.97789510320047,-21.617405493806828,12.152717058065429,2.837716,16.583424,0.12900878,60.301179252607106,2007-Feb-10 17:02:17.765,159.89061,-15.929018,254.98662610767394,-21.618275315541958,641,0.0003983616790980797,546.0,32.0,196.58184436349916,71799.55283532443,2007,2203.581844363499,2400.163688726998
33,33,101,101,101,1225,4070458635205755008,268.3712409885728,-22.043637011736774,9.780006373987764,2.7573318,15.943802,0.21195914,62.72029767641279,2008-Feb-04 18:49:13.280,-15.79248,-56.676704,268.3703440268586,-22.046856064883066,881,0.0003427663376628944,1225.0,20.0,204.46817042510568,74679.9545660656,2008,2212.4681704251057,2416.9363408502113
34,34,42,42,42,312,6259166929791578368,228.51132837262543,-17.344403185625907,4.814970277596696,0.880394,15.760455,0.023772603,63.44994428488141,2006-Oct-13 19:05:36.566,-158.72128,-56.503780000000006,228.50220864522203,-17.347649751332685,439,3.772009495027435e-05,312.0,7.0,206.8468183687134,75548.73194098889,2006,2212.8468183687132,2419.6936367374265
35,35,118,118,118,1679,4091597742681064192,278.0921348167119,-21.469857863153827,10.932200625259693,2.8151102000000003,16.043863,0.04618618,62.329127437629325,2010-Jan-28 04:01:24.110,13.511037,-22.850325,278.09289741385345,-21.471147593350786,1164,0.0022730851873285327,1679.0,66.0,203.1929554466716,74214.19504734233,2010,2213.1929554466715,2416.385910893343
36,36,43,43,43,319,6259167307748699904,228.5159346014751,-17.345753574509004,9.162930451567428,2.2939014,15.721994,0.018147519,63.60516195060133,2006-Oct-13 19:05:36.566,-158.75723,-54.57536,228.50679049383976,-17.348897008995127,439,3.772009495027435e-05,319.0,7.0,207.35282795896032,75733.54688373067,2006,2213.3528279589605,2420.705655917921
37,37,120,120,120,1742,4090342276541697408,276.5689724907349,-21.47270139039516,5.663137897054643,1.0203409,15.773787,0.016368428,63.39631876974227,2009-Mar-08 12:33:51.538,-8.128900999999999,-53.963963,276.56850581921617,-21.475799403991733,1058,0.0012373204946844994,1742.0,26.0,206.67199918935978,75484.88098392177,2009,2215.6719991893597,2422.3439983787193
38,38,105,105,105,1309,4070316832559678208,269.9153322909993,-21.99157508189858,9.679314180905942,2.5201464,15.6446,0.020362651,63.91981932819623,2008-Feb-21 09:43:43.132,-13.631803,-35.854156,269.9145432414561,-21.993650427816963,892,0.0009779405381944444,1309.0,23.0,208.3786110099197,76108.20388526306,2008,2216.3786110099195,2424.757222019839
39,39,84,84,84,894,4070436748058276224,267.96056761820245,-22.262395880255227,13.103352723509245,3.4112606,15.636725,0.12765801,63.952008670251416,2008-Jan-31 21:17:10.763,-57.51726,-33.576607,267.9572366703252,-22.264340373509164,878,0.0002553092046039095,894.0,16.0,208.4835482650196,76146.53116831576,2008,2216.4835482650196,2424.9670965300393
40,40,39,39,39,291,6309786280470601472,222.41552199658574,-15.552109085383167,10.826307995017505,2.8522243,15.283779,0.044456273,65.42884391088495,2006-Sep-21 18:09:33.402,-102.92763,-14.09555,222.40942358606534,-15.552944239655213,391,3.6929601766117966e-05,291.0,7.0,213.29803114948493,77904.97289703788,2006,2219.298031149485,2432.5960622989696
41,41,8,8,8,56,3630688416842938112,204.5266603645184,-7.130868060906162,7.362790809565692,1.6119328000000002,15.081377,0.040827088,66.30694253245707,2006-Mar-01 17:16:15.685,-150.06788999999995,-122.31145,204.5176495880721,-7.1382122111691455,55,3.714902692043896e-05,56.0,7.0,216.16063265581005,78950.50947120806,2006,2222.16063265581,2438.3212653116198
42,42,127,127,127,2037,4079844650572890368,281.81302958485884,-21.231269791077235,11.860095352073447,3.0461617000000003,15.421819,0.0417411,64.84319504068685,2011-Feb-22 01:14:48.134,50.032448,-57.899574,281.81596744829164,-21.234669605587143,1265,0.00717971121077675,2037.0,144.0,211.38881583263912,77207.65109471312,2011,2222.388815832639,2433.777631665278
43,43,92,92,92,1043,4117285808938004608,265.98517164297624,-21.751949681059127,9.04138958921758,2.0480537,15.155732,0.02187429,65.98163584464247,2008-Jun-20 23:21:57.101,-33.926437,66.28196,265.9831445354692,-21.747989328362646,933,0.00024879959169238683,1043.0,13.0,215.10013285353443,78563.17252342492,2008,2223.1001328535344,2438.200265707069
44,44,41,41,41,305,6306720395374630656,223.62188183863955,-15.95165875523397,8.111507039215372,1.8275776,14.95874,0.013857466,66.85054919945814,2006-Sep-26 07:35:22.184,-209.09741,47.103848,223.60922372226744,-15.948807232695925,401,3.701922046467764e-05,305.0,7.0,217.93279039023352,79597.77236212889,2006,2223.9327903902335,2441.865580780467
45,45,107,107,107,1363,4090986242412412672,275.6878182691646,-21.585312923649735,4.699687423043384,0.9065094,15.09901,0.017703902,66.22950571168346,2009-Feb-17 21:35:23.287,42.080647,-81.346855,275.690342036785,-21.590191664260587,1051,0.0020643097886659805,1363.0,66.0,215.90818862008805,78858.30681160097,2009,2224.908188620088,2440.816377240176
46,46,14,14,14,98,3631700242418380928,202.43076713865275,-6.4743488992323925,11.813294043348158,3.0249662,14.618763,0.046504516,68.40524072072043,2006-Mar-09 06:35:28.972,136.82256,-68.41913000000001,202.43924258385087,-6.4785871081381865,72,3.4248810442386827e-05,98.0,7.0,223.00108474954857,81448.91619392512,2006,2229.0010847495487,2452.0021694990974
47,47,60,60,60,442,4126078775240268544,254.91140220297103,-22.10506951901217,9.817418559166068,2.5804615,14.076473000000002,0.023844626,71.04052153039122,2007-Feb-07 07:35:56.824,16.180395,-92.83792,254.91244310705082,-22.111041892994127,638,0.00011148351766117971,442.0,8.0,231.59210018907535,84586.69867305788,2007,2238.592100189075,2470.1842003781503
48,48,81,81,81,844,4117069273983580416,266.1000351121466,-22.194931200509227,2.2727466419429927,0.41697407,14.133722,0.07732869999999999,70.75276975161471,2008-Jan-15 16:46:10.949,32.382107,-1.8002849,266.1021098536424,-22.195046545867505,864,0.0002559142982681756,844.0,16.0,230.65402939026393,84244.0776945,2008,2238.654029390264,2469.308058780528
49,49,9,9,9,63,3630689305900733568,204.39430442431632,-7.1774990008023165,13.351081370595967,3.7190342,13.911286,0.17284295,71.88407847760216,2006-Mar-02 04:34:21.035,25.9655,-33.622833,204.3959946505743,-7.17968768177888,56,3.684507351680384e-05,63.0,7.0,234.34209583698302,85591.10708349968,2006,2240.342095836983,2474.684191673966
50,50,104,104,104,1287,4070317592773631232,269.7249861379695,-22.063684258112183,13.32656936088228,3.2554703,13.760634,0.14725578,72.67106801262534,2008-Feb-19 16:13:10.414,-41.086018,-30.615196,269.7222823599224,-22.06569897504724,891,0.0008534282836076818,1287.0,22.0,236.90768172115858,86528.16167183596,2008,2244.9076817211585,2481.815363442317
51,51,113,113,113,1532,4090742391351529856,273.8340166281984,-21.880869464580574,8.723330276186006,2.131936,13.780695,0.022657264,72.56528083600217,2009-Jan-23 04:02:03.929,27.1837,-10.947973,273.83580292205556,-21.88158887720517,1037,0.0004282316315157752,1532.0,20.0,236.56281552536706,86402.20274248507,2009,2245.562815525367,2482.1256310507342
52,52,80,80,80,831,4117632808047027712,263.20914306418615,-22.17194608355549,12.252814748037435,3.1169767000000004,13.485915,0.07421557599999999,74.15143773000041,2007-Dec-25 11:04:18.709,-46.894043,-45.146748,263.2059942089157,-22.174977610911473,843,0.000329132239154664,831.0,13.0,241.7336869998013,88290.81183980743,2007,2248.733686999801,2490.4673739996024
53,53,109,109,109,1431,4069837106209681664,271.8822283895792,-21.62787853250699,12.540120281636385,3.3173733,13.524312,0.081603125,73.94091459657099,2009-Jan-03 16:28:17.123,-79.32568,-55.310425,271.87691692746256,-21.63158198910128,1024,0.00043540862911522636,1431.0,18.0,241.0473815848214,88040.14565004017,2009,2250.0473815848213,2491.0947631696426
54,54,20,20,20,144,3678908736229824896,193.97786264302448,-4.398032015560351,9.778544407940402,2.3940277,13.338945,0.058067143,74.9684454694672,2006-May-14 17:16:52.259,-9.968594,-9.213801,193.97718589368102,-4.398657523459419,156,0.00010469165273491084,144.0,7.0,244.39713223046306,89263.60857585433,2006,2250.3971322304633,2494.7942644609266
55,55,61,61,61,450,4115534458733980672,256.1467891319399,-22.10721913642537,9.238914261307533,2.248684,13.295681,0.020814179,75.21239416155986,2007-Feb-18 12:50:45.544,-52.66044,-60.496513,256.14320247918954,-22.11133949683401,647,0.00030687719693072704,450.0,16.0,245.1924049666851,89554.07399003206,2007,2252.192404966685,2497.38480993337
56,56,5,5,5,35,3619804557398013056,207.00771654646928,-8.025475152241839,3.1885776268736343,0.7261629,13.238162,0.1251536,75.53918715640175,2006-Feb-18 11:04:53.948,-123.93594,-109.09378999999998,206.99923871006686,-8.032937711218054,35,5.213584533607682e-05,35.0,7.0,246.2577501298697,89943.18065743361,2006,2252.2577501298697,2498.5155002597394
57,57,4,4,4,28,3619804557398012544,207.0113889985659,-8.030281444844709,10.729145946424666,2.8030443,12.928548,0.04507386,77.34820730767713,2006-Feb-18 11:04:53.948,-116.23606,-111.186005,207.00324745813657,-8.038069263387461,35,5.213584533607682e-05,28.0,7.0,252.15515582302743,92097.14911280254,2006,2258.1551558230276,2510.310311646055
58,58,137,137,137,3738,4083676384182912128,288.72357786553044,-20.32340509392935,9.784625017921293,2.6173449,13.388075,0.026128212,74.69333786565919,2018-Mar-20 20:46:29.802,13.846607999999998,-35.069786,288.7245144365532,-20.32577717993217,1660,0.07376409143518517,3738.0,630.0,243.50028144204893,88936.04279389395,2018,2261.500281442049,2505.000562884098
59,59,48,48,48,354,6255065407827891200,233.1908465397021,-18.510524973104644,10.22734293948573,2.7417154,12.578888,0.0395288,79.49828353773185,2006-Oct-30 18:01:39.209,-46.206192,-28.272224,233.1875201480881,-18.512560295344734,475,3.2252684542181066e-05,354.0,7.0,259.1644043330058,94657.20703858703,2006,2265.1644043330057,2524.3288086660114
60,60,90,90,90,1009,4070476570992911104,268.1983687064624,-21.851495472542087,10.636274196448873,2.4390774,12.659134,0.030336672,78.99434566535163,2008-Feb-04 18:49:13.280,63.14524,40.74443,268.20288572711684,-21.848580867545305,881,0.00029215668938614546,1009.0,17.0,257.5215668690463,94057.17708325047,2008,2265.521566869046,2523.0431337380924
61,61,32,32,32,242,6300344529308365952,215.3325901445387,-13.263741453168642,10.547964305245607,2.7934904,12.515984,0.07353082,79.8978357142204,2006-Aug-27 05:31:33.306,-79.12657,-63.7619,215.3268651798637,-13.268354753455734,335,3.7078564386145396e-05,242.0,7.0,260.4669444283585,95132.94678301366,2006,2266.4669444283586,2526.933888856717
62,62,35,35,35,263,6310952896667249024,220.1861646192173,-14.971901811235965,10.949030176366005,3.1223516,12.457952,0.07092362,80.27001841598351,2006-Sep-14 00:25:33.289,24.236933,-74.02172,220.1879263780894,-14.977282377532037,374,3.687266911008231e-05,263.0,7.0,261.68026003610623,95576.09817558744,2006,2267.680260036106,2529.3605200722122
63,63,22,22,22,158,3678131518947878784,194.3902590898245,-4.712775350835765,10.556295085998716,2.936613,12.370747,0.06061032,80.83586474769473,2006-May-20 08:34:22.973,-121.0229,3.1930716,194.38140004083832,-4.7125416134443325,160,8.541157621742111e-05,158.0,7.0,263.5249190774848,96249.84144386055,2006,2269.524919077485,2533.0498381549696
64,64,112,112,112,1512,4093778898874614016,272.84210864942816,-21.814620122331416,13.281805612761898,3.7304173,12.510781,0.33897486,79.93105921749469,2009-Jan-12 10:16:07.302,3.1758952000000003,-50.615623,272.84233852730625,-21.818283786066512,1030,0.000440664250042867,1512.0,20.0,260.57525304903265,95172.5054236287,2009,2269.5752530490327,2530.1505060980653
65,65,108,108,108,1396,4090984524425844608,275.64882132971064,-21.627685362758736,10.641564706589213,2.588214,12.48581,0.03449969,80.09091741640005,2009-Feb-15 17:38:30.031,-32.262924,-58.22049300000001,275.64648140198784,-21.631907910768515,1050,0.002132876800411523,1396.0,70.0,261.09639077746414,95362.845767561,2009,2270.096390777464,2531.192781554928
66,66,93,93,93,1056,4117849136843459840,263.14747215711554,-21.705924446665783,11.628760456717535,3.073389,12.33763,0.06543498,81.05284223637686,2007-Dec-27 09:18:04.282,-1.2747209,-73.49095,263.1473785952647,-21.71131852893456,845,0.0007577498070987654,1056.0,14.0,264.2322656905886,96508.19272083057,2007,2271.2322656905885,2535.464531381177
67,67,59,59,59,431,4126240570936259584,253.4638417895553,-21.889575221455708,12.65649536816975,3.4416094,12.335031,0.11383174,81.06992483580568,2007-Jan-27 13:24:11.351,3.525357,-23.82069,253.46410059792737,-21.891323978823294,627,0.00011914477773491084,431.0,11.0,264.2879549647265,96528.53267131672,2007,2271.2879549647264,2535.575909929453
68,68,117,117,117,1652,4090288881521456896,277.3784340871761,-21.681975269298896,6.4292273168193255,1.2456455,12.444856,0.016690088,80.35448742112364,2010-Jan-17 00:52:40.004,10.62033,-17.572979,277.3792068809021,-21.6832539760886,1158,0.0013439926000943072,1652.0,27.0,261.955628992863,95676.67393335329,2010,2271.9556289928632,2533.9112579857265
69,69,83,83,83,878,4068983988285502464,267.3147411113227,-22.255783841955967,10.432061034035847,2.2131329,12.334069,0.05013312,81.07624333605062,2008-Jan-25 18:19:01.420,107.51342,77.44628,267.32263465000574,-22.2500978055732,873,0.00024964447230795613,878.0,16.0,264.308553275525,96536.05599835276,2008,2272.308553275525,2536.61710655105
70,70,119,119,119,1712,4090298085576101504,277.54732065019067,-21.475642484661197,7.500604575006758,1.6350918,12.169378,0.013644337,82.17346662572787,2010-Jan-20 00:00:00.000,-68.02354,-56.056034,277.5422588352476,-21.479813765439047,1160,0.0015121446062671474,1712.0,30.0,267.88550119987286,97842.50045824157,2010,2277.885501199873,2545.771002399746
71,71,69,69,69,578,4126278916405269760,253.75402914166642,-21.54147104835064,13.953926241639538,3.8961563,12.009619,0.22694355,83.26658989384418,2007-Jan-31 05:30:12.170,-44.296177,-8.679909,253.7506890954929,-21.542125535894183,631,0.00040119357638888887,578.0,34.0,271.44908305393204,99144.06309461815,2007,2278.449083053932,2549.898166107864
72,72,3,3,3,21,3619803629685075840,207.0852348620924,-8.039467983415719,9.887568728887839,2.7829962000000004,11.934893,0.2820635,83.78793416543597,2006-Feb-17 17:29:24.815,-60.055195,62.36775600000001,207.08067819280154,-8.034735849273341,34,5.378180191186557e-05,21.0,7.0,273.14866537932124,99764.8185431433,2006,2279.1486653793213,2552.2973307586426
73,73,47,47,47,347,6258004677286104832,231.31884456910402,-18.02508983157021,11.948575028827696,3.1385784,11.9297085,0.06318596,83.82434504636025,2006-Oct-24 02:15:56.139,-27.129051,-142.2874,231.3167852662525,-18.035890535393,461,3.838600608710563e-05,347.0,7.0,273.2673648511344,99808.17233822834,2006,2279.2673648511345,2552.534729702269
74,74,18,18,18,126,3679089399733170176,194.3822152393798,-3.845150835852132,10.985483752262203,2.8322897,11.928732,0.05286527,83.83120744485491,2006-Apr-11 15:15:53.252,-58.016712,-111.80513,194.3778109658638,-3.853638396667924,139,8.016225137174209e-05,126.0,7.0,273.28973627022697,99816.3432753377,2006,2279.289736270227,2552.579472540454
75,75,45,45,45,333,6258245710844705280,230.19605067213016,-17.813166588985904,12.318567276969626,3.2389688,11.89904,0.11321384,84.04039160545027,2006-Oct-19 20:39:13.640,-194.08984,-116.81902,230.18127979367185,-17.822056902662126,452,3.8080847050754456e-05,333.0,7.0,273.97167663376786,100065.41517371738,2006,2279.971676633768,2553.9433532675357
76,76,25,25,25,179,3628733966205106688,197.98938720905488,-6.469633654567168,9.220868429696926,2.2660055,11.8795185,0.020132795,84.17849589188941,2006-Jun-14 21:29:42.848,-55.753426,-37.201218,197.98513721654518,-6.472469442586907,191,5.140107917524005e-05,179.0,7.0,274.42189660755946,100229.85351694502,2006,2280.4218966075596,2554.843793215119
77,77,124,124,124,1925,4091573248547219840,278.6234573504763,-21.508377103658454,11.092572306201674,2.833518,12.025663,0.22213149,83.15549577147084,2010-Feb-05 23:07:28.763,-21.767908,-96.5606,278.62181818386546,-21.51564830818597,1168,0.0009836636766975308,1925.0,30.0,271.0869162149949,99011.78527836474,2010,2281.0869162149947,2552.1738324299895
78,78,44,44,44,326,6258245710846394368,230.196816599522,-17.81442160070805,8.871200923906226,2.2900286,11.835707,0.021745706,84.49009631898053,2006-Oct-19 20:39:13.640,-192.51355,-117.0065,230.18208728438518,-17.8233738309116,452,3.8080847050754456e-05,326.0,7.0,275.4377139998765,100600.8706613149,2006,2281.4377139998765,2556.875427999753
79,79,46,46,46,340,6258189494017793792,230.81765021823887,-17.86038477618553,14.086301097130676,0.51452637,11.736236,0.25231168,85.20619664587386,2006-Oct-22 05:00:37.534,8.103044,-80.60753000000003,230.81827544102902,-17.866604373012798,457,3.8244277263374486e-05,340.0,7.0,277.77220106554876,101453.51871718102,2006,2283.772201065549,2561.5444021310977
80,80,7,7,7,49,3630657974114783616,204.7984902954388,-7.292893078284623,9.424439913703344,2.092329,11.561047,0.018941112,86.49735915522005,2006-Feb-28 18:17:57.309,19.82559,-87.13941,204.80004319875897,-7.29971855390402,53,6.583853094993142e-05,49.0,7.0,281.98139084601735,102990.88319259937,2006,2287.9813908460173,2569.9627816920347
81,81,66,66,66,530,4126134334929476736,255.15556586309086,-21.62004211961433,13.443140555604765,3.7245312,11.594606,0.20962204,86.24699843541107,2007-Feb-11 21:42:31.173,-7.3246850000000014,-263.5502,255.15499379411682,-21.640625788586238,642,0.0003952189964849109,530.0,32.0,281.16521489944006,102692.78308987149,2007,2288.16521489944,2569.33042979888
82,82,78,78,78,817,4114825617352377344,260.60453706285904,-22.073698148633728,10.548980030240221,2.6887455,11.592283,0.045746412,86.26428275851289,2007-Dec-07 16:44:09.298,102.31161,-20.356195,260.6125293553672,-22.07528831687157,824,7.47604809670782e-05,817.0,7.0,281.221561792752,102713.36322918475,2007,2288.2215617927523,2569.4431235855045
83,83,77,77,77,810,4114989062286874368,259.47190705198267,-21.94840749854087,12.933353155187024,3.108963,11.550902,0.14569303,86.57332286767857,2007-Nov-30 08:46:40.671,-44.96659,-63.422485,259.4683818054288,-21.953379632152625,816,7.908964013203019e-05,810.0,7.0,282.2290325486321,103081.3318480624,2007,2289.229032548632,2571.458065097264
84,84,52,52,52,382,6247161705932124928,240.46624133595608,-20.038786177991714,7.777112417177203,1.7710123,11.4227085,0.016559502,87.54491099953596,2006-Nov-27 03:24:53.433,75.35451,-21.65104,240.47221520348305,-20.040502604041396,530,4.269078467935528e-05,382.0,7.0,285.39640985848723,104238.18473671388,2006,2291.3964098584875,2576.792819716975
85,85,36,36,36,270,6310768247433232000,220.50815925606136,-14.981076488802529,10.268648899619722,2.5775213,11.398961,0.02810678,87.72729322477299,2006-Sep-14 22:16:15.991,15.780588,-10.322784,220.5094128975658,-14.981896551456222,376,3.687414266117971e-05,270.0,7.0,285.99097591275995,104455.34404237644,2006,2291.99097591276,2577.98195182552
86,86,31,31,31,235,6304282228339962752,211.41441767304127,-11.949190323032887,13.521138561483552,3.5348053,11.266281,0.18439567,88.76043377978105,2006-Aug-12 10:20:42.662,-99.28119,-39.210423,211.40643769250184,-11.95234196144378,303,3.778667266803841e-05,235.0,7.0,289.3590141220862,105685.48631795077,2006,2295.359014122086,2584.7180282441723
87,87,26,26,26,186,3630250325883407232,201.99869922895599,-8.219608964643491,13.739886136860873,3.607029,11.226981,0.20021255,89.0711390247464,2006-Jul-04 20:03:43.863,-3.2799544000000003,-43.30179,201.9984346713432,-8.22310164052743,225,4.324738511659808e-05,186.0,7.0,290.37191322067326,106055.4375847187,2006,2296.3719132206734,2586.7438264413468
88,88,116,116,116,1592,4090978309663142400,275.4912317715797,-21.714760893513656,5.400870558381728,0.97734547,11.274007,0.016784469,88.69960909865989,2009-Feb-13 15:27:32.780,-51.293953,-62.24815,275.48711171365744,-21.719760819788046,1049,0.0010712449899262688,1592.0,35.0,289.1607256616312,105613.06344065418,2009,2298.160725661631,2587.3214513232624
89,89,129,129,129,2135,4091615407955717120,277.96607726248,-21.31308901588117,10.359044398624562,2.7081347,11.261824,0.036425546,88.79556550588465,2010-Jan-28 04:01:24.110,66.94256,11.43689,277.97146007222005,-21.31216938265277,1164,0.0010863894783093278,2135.0,30.0,289.47354354918394,105727.31704590394,2010,2299.473543549184,2588.947087098368
90,90,21,21,21,151,3678885337248044544,194.12693755908626,-4.542400034317756,11.619284324621313,2.992669,11.089922,0.05609364,90.1719601266736,2006-May-17 18:12:09.211,26.281431,-107.00877,194.1290835899757,-4.551137919720254,158,9.325810185185184e-05,151.0,7.0,293.9605900129559,107366.16589633201,2006,2299.960590012956,2593.921180025912
91,91,51,51,51,375,6247142533197893376,240.25975830892338,-20.04448597244659,11.49051122470858,2.8790083,11.081303,0.06034038,90.24209808471693,2006-Nov-26 14:53:05.719,38.51778,-27.544931,240.26290595491506,-20.04673692492268,529,4.25911190414952e-05,375.0,7.0,294.1892397561772,107449.67792854615,2006,2300.1892397561774,2594.3784795123547
92,92,27,27,27,193,3630120239914332160,202.82993792760516,-8.47599350928319,7.320710397126799,1.5949202,11.078757,0.019206317,90.26283130664852,2006-Jul-08 13:44:23.558,-15.832922,-87.18445600000004,202.82864377506075,-8.483119798766232,232,4.2341820987654325e-05,193.0,7.0,294.25683005967414,107474.36461099538,2006,2300.256830059674,2594.513660119348
93,93,34,34,34,256,6299047590920102272,218.8515988710989,-14.420489317178593,11.8895150494856,3.0912476000000004,11.006878,0.06888424,90.85228428630198,2006-Sep-09 00:15:01.610,-62.701202,-7.093354,218.84644032676778,-14.421072900600135,363,3.6883921682098765e-05,256.0,7.0,296.17844677334443,108176.21589949632,2006,2302.1784467733446,2598.356893546689
94,94,70,70,70,595,4127068782370779008,253.0027725368888,-21.382169627501188,6.5374545742553725,1.2584514999999998,11.039284,0.021650871,90.58558711101558,2007-May-25 17:20:38.927,-28.014925,-31.500046,253.0004744628616,-21.384753587195746,690,0.00033691272290809333,595.0,28.0,295.30901398191077,107858.6642667531,2007,2302.3090139819105,2597.618027963821
95,95,88,88,88,973,4070477262597750400,268.15024466054024,-21.8580999006038,6.035919293471148,1.1767348999999998,11.068981,0.018773308,90.34255136788613,2008-Feb-03 11:07:32.433,-67.457,-56.76404599999999,268.1447259854516,-21.862743782211624,880,0.00032402651856138545,973.0,19.0,294.5167174593088,107569.28588483794,2008,2302.516717459309,2597.033434918618
96,96,98,98,98,1167,4117044500606846592,267.03741057442,-21.983776938053683,8.375383159467173,2.0205774,11.05627,0.019755611,90.44641927575826,2008-Jan-24 14:02:08.786,-15.219361,-63.684494,267.03616404293615,-21.988992973420512,872,0.00033197029856824414,1167.0,20.0,294.8553268389719,107692.9595746661,2008,2302.855326838972,2597.710653677944
97,97,10,10,10,70,3630691126966891392,204.41831104834702,-7.137150640462132,11.35727444891473,2.7662935,10.9365425,0.07615979,91.4365759558332,2006-Mar-02 04:34:21.035,26.506306,-65.515236,204.4205057960524,-7.142575365254829,56,3.684507351680384e-05,70.0,7.0,298.0832376160162,108871.92170687376,2006,2304.083237616016,2602.166475232032
98,98,55,55,55,403,6052387619118482432,247.50002480610118,-21.16029529239105,10.858484535308408,2.748639,10.875545,0.044007692,91.94941877008918,2006-Dec-27 01:40:31.454,-2.0823047,-90.1946,247.49985142222104,-21.16780537970461,583,5.135821223422497e-05,403.0,7.0,299.7551051904907,109482.55461977483,2006,2305.7551051904907,2605.5102103809813
99,99,49,49,49,361,6247046875683556480,239.07557926699425,-19.7714476323352,7.490893167541953,1.6663141,10.82089,0.01481991,92.41383662276894,2006-Nov-21 23:18:38.841,-1.2498125,-43.105556,239.07547467527405,-19.775054960922922,520,4.1761777692043896e-05,361.0,7.0,301.26910739022674,110035.52878320642,2006,2307.269107390227,2608.538214780454
100,100,96,96,96,1108,4117664281521350272,263.6489989886772,-21.8872427881398,12.042249810260925,3.1937475,10.793994,0.07922709,92.64411344330782,2007-Dec-29 07:53:46.603,-9.192527,-74.41062,263.64822778661545,-21.89348542696657,847,0.0005095964345421814,1108.0,20.0,302.0198098251835,110309.71534055001,2007,2309.0198098251835,2611.039619650367
101,101,63,63,63,480,4115484808910638208,257.10480003246147,-22.158376105837537,10.840242523673256,2.611889,10.753562,0.03989102,92.99244310467778,2007-Mar-02 21:32:33.932,-347.21573,-349.3473,257.0755610338426,-22.187794602999066,654,0.0002737442665466392,480.0,14.0,303.1553645212495,110724.46533774117,2007,2310.1553645212493,2613.3107290424987
102,102,33,33,33,249,6299045632415010560,218.82017207882475,-14.487886187890801,10.341603678387832,2.8955898,10.713433,0.0939367,93.34075969865715,2006-Sep-09 00:15:01.610,-62.551613,-7.5921910000000015,218.81488488428693,-14.488527920215736,363,3.6883921682098765e-05,249.0,7.0,304.2908766176223,111139.19977582038,2006,2310.2908766176224,2614.581753235245
103,103,28,28,28,200,3617773072226845184,204.73443083863626,-9.348272298154674,9.280658141485091,2.4863472,10.710403,0.022492789,93.36716449380768,2006-Jul-16 20:06:54.225,-21.809309,-24.277033,204.7325868785241,-9.350324902398512,248,4.0725067515432095e-05,200.0,7.0,304.376956249813,111170.6395006817,2006,2310.376956249813,2614.7539124996256
104,104,126,126,126,1992,4079749787668812288,281.79206844609723,-21.2978833725882,10.59455254198951,2.5807934,10.883807,0.03747894,91.87961374629694,2011-Feb-22 01:14:48.134,61.69656,24.562624,281.797201733222,-21.295839709187728,1265,0.00424194637345679,1992.0,90.0,299.527540812928,109399.43900651383,2011,2310.5275408129282,2610.0550816258565
105,105,19,19,19,133,3679162890919335424,193.4357895569324,-4.033429415227035,11.088880700795203,2.8689327,10.694642,0.0591491,93.50476563304649,2006-Apr-19 20:40:34.873,-196.51033,-19.809635,193.41915027508603,-4.035106772862148,147,0.00032774227859224965,133.0,11.0,304.8255359637315,111334.4787553933,2006,2310.8255359637315,2615.651071927463
106,106,82,82,82,860,4068998797424428672,267.12743059524985,-22.174909132057948,10.249266686468793,2.5396585,10.72749,0.068450235,93.21844722035804,2008-Jan-24 14:02:08.786,11.444059,24.425682,267.12839664037523,-22.17284724909061,872,0.00028454258294753084,860.0,18.0,303.8921379383672,110993.56446060925,2008,2311.8921379383673,2615.7842758767347
107,107,62,62,62,466,4115484808910637568,257.1057310642221,-22.159128034161586,11.671388887485158,2.820177,10.678502,0.07403304,93.64609307970257,2007-Mar-02 21:32:33.932,-344.01685,-347.2466,257.0765578138321,-22.18857517461849,654,0.0002737442665466392,466.0,14.0,305.28626343983035,111502.75485876364,2007,2312.2862634398302,2617.5725268796605
108,108,85,85,85,910,4069559823118912384,270.0449998519208,-22.18936154457003,9.978405764323721,2.48378,10.699038,0.038419235,93.46635107606424,2008-Feb-23 04:47:00.735,44.335014,-94.98343,270.04875232502576,-22.19740085092531,893,0.0008274747620884772,910.0,20.0,304.7003045079694,111288.73921849075,2008,2312.7003045079696,2617.400609015939
109,109,30,30,30,228,3614210963790384384,210.61120161702,-11.597268970547535,5.6244450214392625,1.0747366000000005,10.577657,0.038984653,94.538896848454,2006-Aug-09 03:32:21.559,-105.49975,-70.17684,210.6021697527949,-11.603276830442312,296,3.800435635288066e-05,228.0,7.0,308.19680372596,112565.80059286964,2006,2314.19680372596,2622.3936074519197
110,110,23,23,23,165,3629573512052393728,196.9639060166096,-5.925709344206751,11.067627533468599,2.5634909,10.573851,0.048053443,94.57292663097842,2006-Jun-08 18:33:54.244,-121.453804,-27.17304600000001,196.95350457830799,-5.928036473973433,182,5.563512731481481e-05,165.0,7.0,308.3077408169896,112606.3192559973,2006,2314.3077408169897,2622.6154816339795
111,111,89,89,89,992,4070477262515266432,268.16059007225067,-21.8522957630885,13.230113130506165,0.6444149,10.637427,0.15651086,94.00769274147356,2008-Feb-04 18:49:13.280,-65.11139,-56.607708,268.15504718809984,-21.857114735182492,881,0.00029215668938614546,992.0,17.0,306.4650783372038,111933.30521188032,2008,2314.465078337204,2620.930156674408
112,112,54,54,54,396,6244570015285749888,244.5274735595337,-20.72903409733155,13.70408923055279,3.7935333,10.519895,0.19970436,95.05798660835657,2006-Dec-14 00:10:49.167,-25.973522,-84.326126,244.52523774947812,-20.736292920348397,561,4.667767811213992e-05,396.0,7.0,309.8890363432424,113183.87163400586,2006,2315.8890363432424,2625.778072686485
113,113,56,56,56,410,6051662280738437504,248.4999335419406,-21.380165410235872,6.799476012035711,1.393404,10.475171,0.018014885,95.46383457484984,2006-Dec-31 12:10:18.338,-19.46777,3.2649589,248.4982505946275,-21.37988316148088,590,4.6229316700960217e-05,410.0,7.0,311.2121007140105,113667.10766478519,2006,2317.2121007140104,2628.4242014280208
114,114,71,71,71,623,6052454070850824448,248.6941941356781,-20.885232844752725,10.38531357346747,3.0619354,10.486804,0.040278316,95.357937384068,2007-Jul-02 14:12:58.136,-133.3438,-81.41404,248.68267963501927,-20.892263108195344,721,0.0003241445366083676,623.0,14.0,310.86687587206166,113541.0177435118,2007,2317.8668758720614,2628.733751744123
115,115,102,102,102,1245,4070353425701626880,269.0780778227189,-22.017649067532147,14.422634864155686,1.0573635,10.488781,0.31754994,95.33996394346607,2008-Feb-11 18:44:52.045,69.81291999999999,-34.875865999999995,269.0841051702184,-22.02066009993841,886,0.0003929682141632372,1245.0,21.0,310.8082824556994,113519.61708411964,2008,2318.8082824556996,2629.616564911399
116,116,135,135,135,3436,4083653603675326080,288.2881495233794,-20.421882979884863,2.9059385355296463,0.5980449000000001,10.801021,0.026148558,92.5838432286383,2017-Mar-25 10:20:46.104,25.171082,-5.7525377,288.2902598638521,-20.42236527196143,1627,0.05824226707175927,3436.0,468.0,301.82332892536084,110237.95265669879,2017,2318.823328925361,2620.6466578507216
117,117,122,122,122,1796,4090252352763963904,276.35714789949964,-21.45490255198337,7.1072082477776695,1.4655571000000005,10.520777,0.015129281,95.05001616231716,2009-Mar-02 07:36:16.324,-24.966322,19.076252,276.3549989697993,-21.453260599093827,1056,0.0009245489594050068,1796.0,28.0,309.86305268915396,113174.3813641866,2009,2318.863052689154,2628.7261053783077
118,118,111,111,111,1492,4093778593965230464,272.717678372222,-21.805871490069734,10.807629082274305,2.5653954,10.498674,0.04309636,95.25012040523012,2009-Jan-10 22:39:42.565,-59.378292,-92.86264,272.71255673654855,-21.813881296263236,1029,0.00044368811085390946,1492.0,20.0,310.51539252105016,113412.64196438836,2009,2319.51539252105,2630.0307850421004
119,119,50,50,50,368,6246984478398822656,239.35690438054328,-19.85994012636205,9.681944150730267,2.456994,10.38604,0.024994286,96.28309015006771,2006-Nov-22 23:55:37.804,-80.05879,-50.37183,239.34992407391758,-19.86433203397537,522,4.193565672153636e-05,368.0,7.0,313.8828738892207,114642.58085929898,2006,2319.8828738892207,2633.7657477784414
120,120,121,121,121,1768,4090252352764975744,276.3546193908596,-21.455790580829195,8.527150108763943,1.9899654,10.482643,0.019259905,95.3957878602397,2009-Mar-02 07:36:16.324,-25.808748,17.826906,276.3523898697581,-21.45425058116785,1056,0.0009245489594050068,1768.0,28.0,310.9902684243814,113586.08563932106,2009,2319.9902684243816,2630.980536848763
121,121,134,134,134,3359,4083653599374456832,288.2849069412486,-20.42103810624797,10.452149050246756,2.5254526000000004,10.742722,0.034025673,93.08628122181429,2017-Mar-25 10:20:46.104,25.300863,-6.4115043,288.28703967414106,-20.421578563144628,1627,0.05778142361111111,3359.0,462.0,303.46127678311456,110836.19673226477,2017,2320.4612767831145,2623.922553566229
122,122,76,76,76,803,4114988551237882880,259.4415812791177,-21.979567435146734,13.135823179620385,3.4141026,10.391203,0.15798414,96.23524889853731,2007-Nov-30 08:46:40.671,-19.541174,-29.737818,259.43987833549323,-21.982158979919767,816,7.908964013203019e-05,803.0,7.0,313.7269114092316,114585.61712310776,2007,2320.7269114092314,2634.453822818463
123,123,37,37,37,277,6310722995656827904,220.93455612489052,-15.180875246653555,8.085540708693385,1.7634859,10.3379135,0.027262889,96.73131804834057,2006-Sep-16 17:57:42.896,-131.49445,43.547295,220.92303778310628,-15.177060692965634,380,3.688070666152264e-05,277.0,7.0,315.34409683759026,115176.27792896147,2006,2321.3440968375903,2636.6881936751806
124,124,53,53,53,389,6244608743007022208,243.84506720117128,-20.68512330541698,11.498222910436835,-0.102809906,10.332651,0.05915957700000001,96.78058289346049,2006-Dec-11 04:26:37.363,-17.503584,-52.65519000000001,243.84353318244573,-20.68973802015968,556,4.588504158093279e-05,389.0,7.0,315.50470023268116,115234.93671298448,2006,2321.504700232681,2637.009400465362
125,125,11,11,11,77,3631652825978882688,202.8121118830117,-6.533838833942287,12.931413581837704,3.345604,10.329781,0.1627286,96.80747740860966,2006-Mar-07 23:46:53.560,77.52483000000002,-16.008343,202.8189080680284,-6.535242199211561,69,3.447989004629629e-05,77.0,7.0,315.59237635206745,115266.95953882912,2006,2321.5923763520673,2637.1847527041346
126,126,138,138,138,4397,4082930223797532160,289.04114394438886,-20.2450980526114,10.522338334183678,2.7900677000000003,10.721779,0.03215745,93.26810524255957,2019-Mar-15 13:34:39.975,-13.08716,-12.78871,289.04003860914844,-20.246178180868927,1693,0.020986281909079217,4397.0,171.0,304.0540230907442,111052.69139366341,2019,2323.054023090744,2627.108046181488
127,127,65,65,65,512,4127572427427088000,255.5997272131448,-21.714311208640428,7.2926861462420085,1.5508451,10.297556,0.013964546,97.11042187414623,2007-Feb-14 09:49:57.096,-106.0327,-103.311615,255.5904028086251,-21.723396323831512,644,0.0004978689771947874,512.0,36.0,316.5799753097167,115627.67018212093,2007,2323.5799753097167,2640.1599506194334
128,128,79,79,79,824,4114784385663629952,261.2592812127419,-22.10958243775964,10.068395088222276,3.0128574,10.268543,0.029582053,97.38479707352265,2007-Dec-12 07:17:59.072,-33.691704,5.5500607,261.25631002849167,-22.1090929922515,829,7.543442965534979e-05,824.0,7.0,317.4744384596838,115954.36390301492,2007,2324.474438459684,2641.9488769193676
129,129,125,125,125,1955,4079604445952559488,280.52818297168903,-21.386334128015235,13.576580822329595,3.4752502,10.328986,0.21044403,96.81492295023224,2010-Mar-27 03:09:15.329,-23.427952,-124.28667,280.526129011257,-21.397230509312962,1182,0.0021164142875514397,1955.0,37.0,315.6166488177571,115275.82481419761,2010,2325.616648817757,2641.2332976355137
130,130,115,115,115,1572,4090742460071005952,273.81961676203144,-21.870357375264707,7.434469008797508,1.667758,10.275348,0.015962327,97.32030761940041,2009-Jan-23 04:02:03.929,14.556295,-43.832455,273.82089959401736,-21.874220286353086,1037,0.0004282316315157752,1572.0,20.0,317.26420283924534,115877.57744500597,2009,2326.264202839245,2643.5284056784903
131,131,29,29,29,214,3617256542279902848,205.95752169994668,-9.86329975387033,4.7148955138223805,0.7431364,10.159877,0.016288904,98.4263901403148,2006-Jul-21 20:22:49.239,0.39947963,-62.608574,205.95755730581985,-9.868880095864096,258,3.9922384044924546e-05,214.0,7.0,320.8700318574262,117194.57043560637,2006,2326.870031857426,2647.740063714852
132,132,97,97,97,1128,4117232860703242240,264.6867311823981,-21.912716813302026,0.9997166081972928,1.0437021,10.199705,0.32295275,98.042050025217,2008-Jan-06 06:41:23.085,-33.56608,-6.6683410000000025,264.6837510989028,-21.913308845928558,855,0.0003737007298096707,1128.0,19.0,319.6170830822074,116736.94342494544,2008,2327.6170830822075,2647.234166164415
133,133,130,130,130,2198,4079642310438157056,279.5220978861617,-21.397277587881508,5.9132149761585975,1.0420284,10.256211,0.082518406,97.50189154837496,2010-Feb-21 05:13:21.548,31.535046,-56.39236999999999,279.5248822241422,-21.40225666464533,1174,0.0019321053294324426,2198.0,35.0,317.8561664477023,116093.7862333588,2010,2327.8561664477024,2645.712332895405
134,134,114,114,114,1552,4090742464460455552,273.8182335961153,-21.870231894668283,11.409156043385648,2.9501324,10.178473,0.064799555,98.24655953492693,2009-Jan-23 04:02:03.929,13.468656,-45.967476,273.81943187262334,-21.87432151936309,1037,0.0004282316315157752,1552.0,20.0,320.28378408386175,116980.44929878967,2009,2329.283784083862,2649.567568167724
135,135,64,64,64,494,4127572427427090560,255.59806250170647,-21.713141109064274,10.867270378347023,2.7295694,10.104323,0.05044038,98.96753713090072,2007-Feb-14 09:49:57.096,-105.99108,-102.502785,255.58856350948685,-21.72232747779698,644,0.0004978689771947874,494.0,36.0,322.63417104673636,117838.90463311,2007,2329.6341710467364,2652.2683420934727
136,136,103,103,103,1266,4070351883838806400,269.16678360523497,-21.99828820895569,7.002344961058839,2.2930994,10.00231,0.048525855,99.97690734199692,2008-Feb-13 06:36:31.736,-7.516939,-40.17323,269.1661030612804,-22.001925280865702,887,0.000397129120584705,1266.0,21.0,325.92471793490995,119040.74397854651,2008,2333.92471793491,2659.84943586982
137,137,136,136,136,3669,4082923283128273536,288.6766478345478,-20.430842007889247,12.202941302387295,3.0662994,10.212101,0.11541485,97.92304264297779,2018-Mar-20 20:46:29.802,-40.885098,-19.856884,288.67302235563164,-20.43260281362749,1660,0.014973124571330591,3669.0,138.0,319.2291190161076,116595.24342944313,2018,2337.2291190161077,2656.4582380322154
138,138,133,133,133,2736,4082316116509482752,285.9506066890752,-20.73015445421329,5.32035089652717,0.97969437,10.066591,0.09337866,99.33849243424288,2014-Mar-03 18:45:21.406,47.09325,37.31957,285.95484303754887,-20.72679731286712,1490,0.024490717699759943,2736.0,208.0,323.8434853356318,118280.59458398615,2014,2337.8434853356316,2661.686970671263
